"outbreak_id","linkage","flyway","type","link","state","premises","reassort","genotype","prior_infection","prior_link","epi_notes","date_analyzed","herd_flock_type","production_type","species","st_prem","date_presumptive","date_confirmed","prem_id","lon","lat","state_fips","county_fips","county_name"
1,"","PAC","Non","IND","AK","Bethel 01","PB2 NP","B4.1","","","",2022-08-12,"Backyard","Backyard Producer","OIE NP","AK Bethel 01",2022-08-01,2022-08-02,"00RKA16",-159.52421,61.5783,"02","02050","Bethel Census Area"
2,"","PAC","Non","IND","AK","Matanuska Susitna 01","PB2 NP","B4.1","","","",2022-05-09,"Backyard","Backyard Producer","OIE NP","AK Matanuska-Susitna 01",NA,2022-04-29,"00RCJKV",-149.32593,61.56419,"02","02170","Matanuska-Susitna Borough"
3,"","PAC","Non","IND","AK","Matanuska-Susitna 02","PB2 PB1 NP NS","B3.2","","","",2022-11-13,"Backyard","Backyard Producer","OIE NP","AK Matanuska-Susitna 02",2022-09-29,2022-10-05,"00RNYU7",-149.50473,61.52741,"02","02170","Matanuska-Susitna Borough"
4,"","PAC","Poultry","IND","AK","Matanuska-Susitna 03","PB2 PB1 NP NS","Minor18","","","",2022-11-13,"Backyard","Backyard Producer","Duck","AK Matanuska-Susitna 03",2022-10-01,2022-10-05,"00RP4FW",-149.74665,61.45736,"02","02170","Matanuska-Susitna Borough"
5,"","PAC","Poultry","IND","AK","Matanuska-Susitna 04","PB2 PB1 NP NS","B3.2","","","",2022-10-30,"Backyard","Backyard Producer","Chicken","AK Matanuska-Susitna 04",2022-10-12,2022-10-14,"00RPQ8W",-149.69537,61.60836,"02","02170","Matanuska-Susitna Borough"
6,"","PAC","Non","IND","AK","Matanuska-Susitna 05","PB2 PB1 NP NS","B3.2","","","",2022-12-05,"Backyard","Backyard Producer","OIE NP","AK Matanuska-Susitna 05",NA,2022-11-25,"00RS33W",-149.30676,61.58905,"02","02170","Matanuska-Susitna Borough"
7,"","MISS","Poultry","IND","AL","Lawrence 01","PB2 NP NS","B2.2","","","",2022-12-12,"Backyard","WOAH Non-Poultry","Poultry","AL Lawrence 01",2022-12-01,2022-12-05,"00RSCTG",-87.34351,34.54154,"01","01079","Lawrence County"
8,"","MISS","Non","IND","AR","Arkansas 01","PB2 NP NS","B2.2","","","",2022-12-20,"Backyard","WOAH Non-Poultry","Poultry","AR Arkansas 01",2022-11-30,2022-12-01,"00RS778",-91.29332,34.38161,"05","05001","Arkansas County"
9,"","MISS","Poultry","IND","AR","Madison 01","PB2 PB1 NP NS","B3.2","","","",2022-11-13,"Commercial","Commercial Broiler Breeder Pullets","Chicken","AR Madison 01",2022-10-06,2022-10-07,"00Q5E53",-93.85937,36.15922,"05","05087","Madison County"
10,"","MISS","Non","IND","AR","Pope 01","PB2 PB1 NP NS","B3.2","","","",2022-10-30,"Backyard","Backyard Producer","OIE NP","AR Pope 01",2022-10-13,2022-10-14,"00RPTJX",-92.9857,35.22707,"05","05115","Pope County"
11,"ak","PAC","Non","CSLT","AZ","Yavapai 01","PB2 PB1 NP NS","B3.2","","","Per state, owners visit each other's homes, close proximity",2022-11-28,"Backyard","Backyard Producer","OIE NP","AZ Yavapai 01",NA,2022-11-02,"00RQXH9",-111.92083,34.71671,"04","04025","Yavapai County"
12,"ak","PAC","Non","CSLT","AZ","Yavapai 02","PB2 PB1 NP NS","B3.2","","","Per state, owners visit each other's homes, close proximity",2022-11-28,"Backyard","Backyard Producer","OIE NP","AZ Yavapai 02",NA,2022-11-03,"00RR1WP",34.72122,NA,"04",NA,NA
13,"","PAC","Non","IND","CA","Butte 02","PB2 PB1 NP NS","B3.2","","ax","",2023-01-10,"Backyard","WOAH Non-Poultry","Chicken","CA Butte 02",2022-12-14,2022-12-16,"00RT2CA",-121.57505,39.63208,"06","06007","Butte County"
14,"","PAC","Non","IND","CA","Calaveras 01","PB2 NP","B4.1","","","",2022-11-13,"Backyard","Backyard Producer","OIE NP","CA Calaveras 01",2022-09-27,2022-10-03,"00RNVJ6",-120.85387,38.1455,"06","06009","Calaveras County"
15,"","PAC","Non","IND","CA","Contra Costa 01","PB2 NP","B4.1","","","",2022-09-02,"Backyard","Backyard Producer","OIE NP","CA Contra Costa 01",2022-08-19,2022-08-23,"00RLLGT",-121.6107,38.01764,"06","06013","Contra Costa County"
16,"","PAC","Poultry","IND","CA","Del Norte 01","PB2 NP","B2.1","","","",2022-11-13,"Backyard","Independent Table Egg Producer","Chicken","CA Del Norte 01",2022-10-01,2022-10-04,"00MG6VV",-124.15689,41.89145,"06","06015","Del Norte County"
17,"","PAC","Non","IND","CA","El Dorado 01","PB2 NP","B4.1","","","",2022-09-19,"Backyard","Backyard Producer","OIE NP","CA El Dorado 01",2022-09-09,2022-09-09,"00RMR2R",-120.69111,38.55518,"06","06017","El Dorado County"
18,"","PAC","Non","IND","CA","El Dorado 02","PB2 PB1 NP NS","B3.2","","","",2023-02-13,"BYF-CHICKEN","Backyard","WOAH Non-Poultry","CA El Dorado 02",2023-01-19,2023-01-19,"00RU394",-120.97678,38.63969,"06","06017","El Dorado County"
19,"Y","PAC","Poultry","CSLT","CA","Fresno 01","PB2 NP","B4.1","","","",2022-09-02,"Commercial","Commercial Broiler Breeder","Chicken","CA Fresno 01",2022-08-20,2022-08-22,"000N5SE",-119.42855,36.67733,"06","06019","Fresno County"
20,"Y","PAC","Poultry","CSLT","CA","Fresno 02","PB2 NP","B4.1","","","",2022-09-02,"Commercial","Commercial Broiler Breeder","Chicken","CA Fresno 02",2022-08-25,2022-08-26,"000N5TC",-119.42352,36.67751,"06","06019","Fresno County"
21,"y","PAC","Poultry","CSLT","CA","Fresno 03","PB2 NP","B4.1","","","",2022-09-12,"Commercial","Commercial Broiler Breeder","Chicken","CA Fresno 03",2022-08-30,2022-09-01,"000N324",-119.34017,36.59292,"06","06019","Fresno County"
22,"y","PAC","Poultry","CSLT","CA","Fresno 04","PB2 NP","B4.1","","","Initial epi - same company, no other links - awaiting final assessment",2022-09-19,"Commercial","Commercial Broiler Breeder","Chicken","CA Fresno 04",2022-09-07,2022-09-09,"00RLUV2",-119.33995,36.59115,"06","06019","Fresno County"
23,"y","PAC","Poultry","CSLT","CA","Fresno 05","PB2 NP","B4.1","","","",2022-09-26,"Commercial","Commercial Broiler Breeder","Chicken","CA Fresno 05",2022-09-14,2022-09-15,"000N332",-119.33849,36.58825,"06","06019","Fresno County"
24,"","PAC","Non","IND","CA","Fresno 06","PB2 NP","B4.1","","","",2022-10-05,"Backyard","Backyard Producer","OIE NP","CA Fresno 06",2022-09-16,2022-09-20,"00RN95B",-119.6305,36.51988,"06","06019","Fresno County"
25,"","PAC","Poultry","IND","CA","Fresno 07","PB2 PB1 NP NS","B3.2","","","",2022-12-05,"Commercial","Commercial Duck Breeder","Duck","CA Fresno 07",2022-11-15,2022-11-16,"000N6T8",-120.32864,36.65355,"06","06019","Fresno County"
26,"","PAC","Poultry","IND","CA","Glenn 01","PB2 PB1 NP NS","B3.2","","","",2023-01-10,"Commercial","Commercial Upland Gamebird Producer","Pheasant","CA Glenn 01",2022-12-21,2022-12-22,"00PB45B",-122.09096,39.59153,"06","06021","Glenn County"
27,"","PAC","Non","IND","CA","Mendocino 01","PB2 PB1 NP NS","B3.2","","","",2023-01-10,"Backyard","WOAH Non-Poultry","Chicken","CA Mendocino 01",2022-12-16,2022-12-19,"00RT4B4",-123.69592,39.18586,"06","06045","Mendocino County"
28,"","PAC","Poultry","INR","CA","Merced-01","PB2 PB1 NP NS","B3.2","","ax","per state, elevated wild bird activity, poor biosecurity, no epi links",2023-03-03,"DUCK","Commercial","Commercial Duck Breeder","CA Merced 01",2023-01-28,2023-02-06,"002CROP",-120.61834,37.46031,"06","06047","Merced County"
29,"","PAC","Non","IND","CA","Modoc 01","PB2 PB1 NP NS","B3.2","","","",2023-05-16,"Backyard","WOAH Non-Poultry","Multiple Poultry Species","CA Modoc 01",2023-04-12,2023-04-12,"00S0KKT",-120.41889,41.58546,"06","06049","Modoc County"
30,"","PAC","Poultry","IND","CA","Monterey 01","PB2 NP","B4.1","","","",2022-11-13,"Commercial","Commercial Duck Breeder","Duck","CA Monterey 01",2022-10-01,2022-10-04,"0046HHH",-121.47161,36.54767,"06","06053","Monterey County"
31,"","PAC","Non","IND","CA","Placer-01","PB2 PB1 NP NS","B3.2","","","",2023-03-03,"BYF-CHICKEN","Backyard","WOAH Non-Poultry","CA Placer 01",2023-01-27,2023-02-06,"00RUQ04",-121.19592,38.85698,"06","06061","Placer County"
32,"","PAC","Non","IND","CA","Sacramento 01","PB2 NP","B4.1","","","",2022-08-23,"Backyard","Backyard Producer","OIE NP","CA Sacramento 01",2022-08-08,2022-08-10,"00RKT7N",-121.17158,38.45399,"06","06067","Sacramento County"
33,"","PAC","Poultry","IND","CA","Sacramento 02","PB2 NP","B4.1","","","",2022-09-06,"Commercial","Commercial Turkey Meat Bird","Turkey","CA Sacramento 02",2022-08-26,2022-08-30,"0011EDS",-121.16113,38.46829,"06","06067","Sacramento County"
34,"","PAC","Non","IND","CA","Sacramento 03","PB2 NP","B4.1","","","",2022-09-12,"Backyard","Backyard Producer","OIE NP","CA Sacramento 03",2022-08-30,2022-09-01,"00RM73X",-121.33711,38.61259,"06","06067","Sacramento County"
35,"","PAC","Poultry","IND","CA","San Diego 01","None","A3","","","",2022-11-28,"Backyard","Backyard Producer","Chicken","CA San Diego 01",2022-11-02,2022-11-03,"00199SM",-116.95272,33.20633,"06","06073","San Diego County"
36,"","PAC","Non","IND","CA","San Joaquin 01","PB2 PB1 NP NS","B3.2","","","",2023-01-29,"Backyard","WOAH Non-Poultry","Chicken","CA San Joaquin 01",2023-01-04,2023-01-09,"00RTGTT",-121.3249,37.67045,"06","06077","San Joaquin County"
37,"","PAC","Non","IND","CA","San Joaquin 03","PB2 PB1 NP NS","B3.2","","","",2023-03-15,"BYF-TURKEY","Backyard","WOAH Non-Poultry","CA San Joaquin 03",2023-02-15,2023-02-17,"00RVXBG",-121.39808,37.82803,"06","06077","San Joaquin County"
38,"","PAC","Non","IND","CA","San-Joaquin-02","PB2 NP","B4.1","","","",2023-03-03,"BYF-CHICKEN","Backyard","WOAH Non-Poultry","CA San Joaquin 02",2023-01-30,2023-02-06,"00RUPNY",-121.22631,37.96892,"06","06077","San Joaquin County"
39,"au","PAC","Non","CSLT","CA","Sonoma 01","PB2 PB1 NP NS","B3.2","","","S01, 02 common bird source",2023-01-29,"Backyard","WOAH Non-Poultry","Chicken","CA Sonoma 01",2023-01-04,2023-01-09,"00RTHK8",-122.86905,38.40196,"06","06097","Sonoma County"
40,"au","PAC","Non","CSLT","CA","Sonoma 02","PB2 PB1 NP NS","B3.2","","","S01, 02 common bird source",2023-01-29,"Backyard","WOAH Non-Poultry","Chicken","CA Sonoma 02",2023-01-04,2023-01-09,"00RTJ20",-122.7374,38.4117,"06","06097","Sonoma County"
41,"ad","PAC","Poultry","IND","CA","Stanislaus 01","PB2 NP","B4.1","","","",2022-11-13,"Commercial","Commercial Turkey Meat Bird","Turkey","CA Stanislaus 01",2022-09-29,2022-10-03,"00FD4QX",-120.69181,37.52817,"06","06099","Stanislaus County"
42,"ad","PAC","Poultry","CSLT","CA","Stanislaus 02","PB2 NP","B4.1","","","",2022-10-30,"Commercial","Commercial Turkey Meat Bird","Turkey","CA Stanislaus 02",2022-10-10,2022-10-13,"000N156",-120.68837,37.52144,"06","06099","Stanislaus County"
43,"","PAC","Poultry","INR","CA","Tehama 01","PB2 PB1 NP NS","B3.2","","ax","per state, elevated wild bird activity, poor biosecurity, no epi links",2023-03-03,"CHICKEN","Backyard","WOAH Poultry","CA Tehama 01",2023-01-11,2023-01-12,"00M26A6",-122.24033,39.93559,"06","06103","Tehama County"
44,"w","PAC","Poultry","IND","CA","Tuolumne 01","PB2 NP","B4.1","","","multiple high risk links, common ownership, shared personnel, slaughter, feed, outdoor exposure",2022-09-02,"Commercial","Commercial Turkey Meat Bird","Turkey","CA Tuolumne 01",2022-08-26,2022-08-26,"00LXN42",-120.48133,37.82899,"06","06109","Tuolumne County"
45,"w","PAC","Poultry","CSLT","CA","Tuolumne 02","PB2 NP","B4.1","","","multiple high risk links, common ownership, shared personnel, slaughter, feed, outdoor exposure",2022-09-06,"Commercial","Commercial Turkey Meat Bird","Turkey","CA Tuolumne 02",2022-08-26,2022-08-30,"001MDJR",-120.33433,38.0253,"06","06109","Tuolumne County"
46,"w","PAC","Poultry","CSLT","CA","Tuolumne 03","PB2 NP","B4.1","","","multiple high risk links, common ownership, shared personnel, slaughter, feed, outdoor exposure",2022-09-06,"Commercial","Commercial Turkey Meat Bird","Turkey","CA Tuolumne 03",2022-08-26,2022-08-30,"0018RCR",-120.473,37.81517,"06","06109","Tuolumne County"
47,"w","PAC","Poultry","CSLT","CA","Tuolumne 04","PB2 NP","B4.1","","","multiple high risk links, common ownership, shared personnel, slaughter, feed, outdoor exposure",2022-09-12,"Commercial","Commercial Turkey Meat Bird","Turkey","CA Tuolumne 04",2022-08-31,2022-09-01,"0012N0A",-120.51038,37.86977,"06","06109","Tuolumne County"
48,"","CEN","Non","IND","CO","Arapahoe 01","PB2 PB1 NP NS","B3.2","","","",2023-03-30,"Backyard","WOAH Non-Poultry","Chicken","CO Arapahoe 01",2023-03-23,2023-03-24,"00RYMCY",-104.55882,39.7298,"08","08005","Arapahoe County"
49,"","CEN","Non","IND","CO","Jefferson 01","PB2 NP","B2.1","","","",2022-05-31,"Other","Animal Rescue / Rehabilitation","OIE NP","CO Jefferson 01",2022-05-17,2022-05-19,"00QQHCT",-105.1735,39.7246,"08","08059","Jefferson County"
50,"","CEN","Poultry","IND","CO","Jefferson 02","PB2 PB1 NP NS","B3.2","","","",2022-11-13,"Backyard","Backyard Producer","Poultry","CO Jefferson 02",2022-10-18,2022-10-20,"00RQ453",-105.08218,39.87182,"08","08059","Jefferson County"
51,"","CEN","Poultry","IND","CO","La Plata 01","PB2 NP","B2.1","","","",2022-05-02,"Backyard","Backyard Producer","Poultry","CO La Plata 01",2022-04-16,2022-04-19,"00RAQZQ",-107.83535,37.4082,"08","08067","La Plata County"
52,"ae","CEN","Non","IND","CO","La Plata 02","PB2 PB1 NP NS","B3.2","","","",2022-10-30,"Backyard","Backyard Producer","OIE NP","CO La Plata 02",2022-10-12,2022-10-14,"00RPNXT",-107.53949,37.01033,"08","08067","La Plata County"
53,"ae","CEN","Non","CSLT","CO","La Plata 03","PB2 PB1 NP NS","B3.2","","","",2022-11-13,"Backyard","Backyard Producer","OIE NP","CO La Plata 03",2022-10-24,2022-10-26,"00EB6XE",-107.53695,37.0164,"08","08067","La Plata County"
54,"","CEN","Poultry","CSLT","CO","Larimer 01","PB2 PB1 NP NS","B3.2","","af","No epi links, proximity",2022-10-30,"Backyard","Backyard Producer","OIE NP","CO Larimer 01",2022-10-13,2022-10-14,"00RPNWV",-105.07594,40.34731,"08","08069","Larimer County"
55,"","CEN","Non","IND","CO","Larimer 02","PB2 PB1 NP NS","B3.2","","","",2022-12-20,"Backyard","WOAH Non-Poultry","Poultry","CO Larimer 02",2022-12-01,2022-12-06,"00RSF7D",-105.10599,40.53455,"08","08069","Larimer County"
56,"","CEN","Non","IND","CO","Larimer 03","PB2 PB1 NP NS","B3.2","","","",2023-02-13,"BYF-GOOSE","Backyard","WOAH Non-Poultry","CO Larimer 03",2023-01-19,2023-01-20,"00RU6PW",-104.9491,40.65779,"08","08069","Larimer County"
57,"","CEN","Non","IND","CO","Mesa 01","PB2 PB1 NP NS","B3.2","","","",2022-10-17,"Backyard","Backyard Producer","OIE NP","CO Mesa 01",2022-09-27,2022-09-29,"00RNYMN",-108.46905,39.10098,"08","08077","Mesa County"
58,"","CEN","Non","IND","CO","Moffat 01","PB2 PB1 NP NS","B3.2","","","",2023-03-15,"BYF-TURKEY","Backyard","WOAH Non-Poultry","CO Moffat 01",2023-02-22,2023-02-23,"00RW8HQ",-107.66007,40.81395,"08","08081","Moffat County"
59,"","CEN","Non","IND","CO","Moffat 02","PB2 PB1 NP NS","B3.2","","","",2023-05-16,"Backyard","WOAH Non-Poultry","Chicken","CO Moffat 02",2023-04-14,2023-04-17,"00S0LKP",-107.62007,40.5858,"08","08081","Moffat County"
60,"","CEN","Poultry","IND","CO","Montrose 01","PB2 NP","B2.1","","","",2022-05-02,"Commercial","Commercial Broiler Breeder","Chicken","CO Montrose 01",2022-04-16,2022-04-19,"00LT443",-107.94162,38.60716,"08","08085","Montrose County"
61,"","CEN","Poultry","IND","CO","Pitkin 01","PB2 NP NS","B2.2","","","",2022-04-19,"Backyard","Backyard Producer","Chicken","CO Pitkin 01",2022-04-07,2022-04-08,"00BZ82P",-107.23663,39.24297,"08","08097","Pitkin County"
62,"","CEN","Poultry","IND","CO","Prowers 01","PB2 PB1 NP NS","B3.2","","","",2022-12-20,"Commercial","Commercial Upland Gamebird Producer","Pheasant","CO Prowers 01",2022-12-09,2022-12-09,"00CGACU",-102.64917,38.23224,"08","08099","Prowers County"
63,"","CEN","Non","IND","CO","Pueblo 01","PB2 PB1 NP NS","B3.2","","","",2023-05-16,"Backyard","WOAH Non-Poultry","Chicken","CO Pueblo 01",2023-04-10,2023-04-12,"00S0B7J",-104.55755,38.26599,"08","08101","Pueblo County"
64,"","CEN","Non","IND","CO","Routt 01","PB2 PB1 NP NS","B3.2","","","",2023-05-16,"Backyard","WOAH Non-Poultry","Chicken","CO Routt 01",2023-04-21,2023-04-24,"00S13CZ",-106.99292,40.46686,"08","08107","Routt County"
65,"t","CEN","Poultry","IND","CO","Weld 01","None","A1","","","Long depopulation, no direct links to 02 and 03",2022-05-09,"Commercial","Commercial Table Egg Layer","Chicken","CO Weld 01",2022-04-29,2022-04-29,"00BC97M",-104.6267,40.09322,"08","08123","Weld County"
66,"t","CEN","Poultry","CSLT","CO","Weld 02","None","A1","","","Same company, birds were moving from 03 to 02 when clinical signs broke",2022-06-18,"Commercial","Commercial Table Egg Layer","Chicken","CO Weld 02",2022-06-06,2022-06-07,"00LRFN9",-104.37975,40.13737,"08","08123","Weld County"
67,"t","CEN","Poultry","CSLT","CO","Weld 03","None","A1","","","Same company, birds were moving from 03 to 02 when clinical signs broke",2022-06-27,"Commercial","Commercial Table Egg Pullets","Chicken","CO Weld 03",2022-06-08,2022-06-09,"00R6PHM",-104.39274,40.15216,"08","08123","Weld County"
68,"","CEN","Poultry","IND","CO","Weld 04","PB2 PB1 NP NS","B3.2","","af","No epi links, proximity",2022-10-05,"Commercial","Commercial Table Egg Layer","Chicken","CO Weld 04",2022-09-20,2022-09-21,"00LRFXQ",-104.77199,40.2181,"08","08123","Weld County"
69,"","CEN","Poultry","INR","CO","Weld 05","PB2 PB1 NP NS","B3.2","","","",2022-10-30,"Backyard","Backyard Producer","OIE NP","CO Weld 05",2022-10-11,2022-10-12,"00RPELF",-104.7915,40.25174,"08","08123","Weld County"
70,"","CEN","Poultry","IND","CO","Weld 06 p02","PB2 NP NS","B2.2","p02","","",2023-01-10,"Commercial","Commercial Table Egg Layer","Chicken","CO Weld 06",2022-12-14,2022-12-16,"00LRFN9",-104.37975,40.13737,"08","08123","Weld County"
71,"","CEN","Poultry","IND","CO","Weld 07","PB2 PB1 NP NS","B3.2","","","",2023-01-10,"Commercial","Commercial Table Egg Layer","Chicken","CO Weld 07",2022-12-17,2022-12-20,"00N670B",-104.6917,40.08048,"08","08123","Weld County"
72,"","CEN","Non","IND","CO","Weld 08","PB2 PB1 NP NS","B3.2","","","",2023-01-29,"Backyard","WOAH Non-Poultry","Chicken","CO Weld 08",2023-01-05,2023-01-06,"00RTHVL",-104.99831,40.1249,"08","08123","Weld County"
73,"","CEN","Poultry","IND","CO","Yuma 01","PB2 PB1 NP NS","B3.2","","","",2023-04-18,"Backyard","WOAH Poultry","Multiple Poultry Species","CO Yuma 01",2023-03-24,2023-03-28,"00RYVXS",-102.59367,39.96587,"08","08125","Yuma County"
74,"","ATL","Non","IND","CT","New Haven 01","PB2 PB1 PA NP","B1.2","","","",2022-11-13,"Backyard","Backyard Producer","OIE NP","CT New Haven 01",2022-10-04,2022-10-05,"00RPA3W",-72.86136,41.27319,"09","09009","New Haven County"
75,"","ATL","Non","IND","CT","New London 01","None","A1","","","",2022-03-06,"Backyard","Backyard Producer","OIE NP","CT New London 01",2022-02-28,2022-03-01,"00R51CR",-72.2308,41.67852,"09","09011","New London County"
76,"","ATL","Poultry","INR","DE","Kent 01","None","A1","","a","investigations ruled out epi links",2022-03-27,"Commercial","Commercial Broiler Production","Chicken","DE Kent 01",2022-03-16,2022-03-17,"00LVTCD",-75.44381,38.95971,"10","10001","Kent County"
77,"aa","ATL","Non","CSLT","DE","Kent 02","PB2 PB1 PA NP","B1.3","","","",2022-10-05,"Backyard","Backyard Producer","OIE NP","DE Kent 02",2022-09-23,2022-09-24,"00RNNH3",-75.68812,39.17628,"10","10001","Kent County"
78,"aa","ATL","Non","CSLT","DE","Kent 03","PB2 PB1 PA NP","B1.3","","","",2022-10-05,"Backyard","Backyard Producer","OIE NP","DE Kent 03",2022-09-23,2022-09-24,"00RNNJ0",-75.68741,39.17646,"10","10001","Kent County"
79,"","ATL","Poultry","INR","DE","New Castle 01","None","A1","","a","investigations ruled out epi links",2022-03-06,"Commercial","Commercial Table Egg Layer","Chicken","DE New Castle 01",2022-02-21,2022-02-22,"00LV3LT",-75.76763,39.44204,"10","10003","New Castle County"
80,"","ATL","Poultry","INR","DE","New Castle 02","None","A1","","a","investigations ruled out epi links",2022-03-20,"Commercial","Commercial Table Egg Pullets","Chicken","DE New Castle 02",2022-03-07,2022-03-08,"00LVD2P",-75.76857,39.43208,"10","10003","New Castle County"
81,"","ATL","Non","IND","FL","Broward 01","PB2 PB1 PA NP","B1.3","","","",2022-10-30,"Backyard","Backyard Producer","OIE NP","FL Broward 01",2022-10-07,2022-10-11,"00RPCD4",-80.41608,26.05569,"12","12011","Broward County"
82,"","ATL","Poultry","IND","FL","Broward 02","PB2 PB1 PA NP","B1.3","","","",2022-10-30,"Backyard","Backyard Producer","Chicken","FL Broward 02",2022-10-13,2022-10-14,"00M820V",-80.28254,26.06601,"12","12011","Broward County"
83,"","ATL","Non","IND","FL","Broward 03","PB2 PB1 PA NP","B1.3","","","",2022-11-28,"Backyard","Backyard Producer","OIE NP","FL Broward 03",2022-11-02,2022-11-03,"00RQVSW",-80.30042,26.09433,"12","12011","Broward County"
84,"am","ATL","Non","IND","FL","Broward 04","PB2 PB1 PA NP","B1.3","","","",2022-12-05,"Backyard","Backyard Producer","OIE NP","FL Broward 04",2022-11-16,2022-11-17,"00RRLQV",-80.31029,26.126,"12","12011","Broward County"
85,"am","ATL","Non","CSLT","FL","Broward 05","PB2 PB1 PA NP","B1.3","","","",2022-12-05,"Backyard","Backyard Producer","OIE NP","FL Broward 05",2022-11-21,2022-11-23,"00M259C",-80.30961,26.12598,"12","12011","Broward County"
86,"","ATL","Non","IND","FL","Duval 01","PB2 PB1 NP","B1.1","","","",2022-12-05,"Backyard","Backyard Producer","OIE NP","FL Duval 01",2022-11-08,2022-11-15,"00RR94E",-81.7944,30.50088,"12","12031","Duval County"
87,"","ATL","Non","IND","FL","Duval 02","PB2 PB1 PA NP","B1.3","","","",2023-01-10,"Backyard","WOAH Non-Poultry","Chicken","FL Duval 02",2022-12-15,2022-12-16,"00RSWYX",-81.79916,30.29092,"12","12031","Duval County"
88,"","ATL","Non","IND","FL","Hillsborough 01","PB2 NP NS","B2.2","","","",2022-11-13,"Backyard","Backyard Producer","OIE NP","FL Hillsborough 01",2022-10-26,2022-10-28,"00RQNBQ",-82.31509,28.01038,"12","12057","Hillsborough County"
89,"","ATL","Non","IND","FL","Hillsborough 02","PB2 NP NS","B2.2","","","",2022-12-05,"Backyard","Backyard Producer","OIE NP","FL Hillsborough 02",2022-11-14,2022-11-16,"00RRG1T",-82.37854,27.85453,"12","12057","Hillsborough County"
90,"","ATL","Poultry","IND","FL","Hillsborough 03","PB2 PB1 NP","B1.1","","","",2023-03-03,"BYF-GOOSE","Backyard","WOAH Non-Poultry","FL Hillsborough 03",2023-02-13,2023-02-14,"00RVPUA",-82.4128,28.00914,"12","12057","Hillsborough County"
91,"ay","ATL","Poultry","CSLT","FL","Hillsborough 04","PB2 PB1 PA NP","B1.3","","","No confirmed epi links, due to the nature of the premises and sourcing, lateral transmission or a common source are possible ",2023-04-10,"Other","Live Bird Market","Chicken","FL Hillsborough 04",2023-03-17,2023-03-21,"00LJ2LK",-82.3933,28.00438,"12","12057","Hillsborough County"
92,"","ATL","Non","IND","FL","Indian River 01","PB2 PB1 PA NP","B1.3","","","",2022-11-13,"Backyard","Backyard Producer","OIE NP","FL Indian River 01",2022-10-15,2022-10-18,"00RPVNH",-80.60796,27.79283,"12","12061","Indian River County"
93,"","ATL","Non","IND","FL","Indian River 02","PB2 PB1 NP NS","B3.2","","","",2022-11-13,"Backyard","Backyard Producer","OIE NP","FL Indian River 02",2022-10-18,2022-10-20,"00RQ23F",-80.60741,27.75254,"12","12061","Indian River County"
94,"","ATL","Non","IND","FL","Indian River 03","PB2 PB1 NP NS","B3.2","","","",2022-11-13,"Backyard","Backyard Producer","OIE NP","FL Indian River 03",2022-10-21,2022-10-25,"00RQHUC",-80.43567,27.60804,"12","12061","Indian River County"
95,"","ATL","Poultry","IND","FL","Indian River 04","PB2 NP NS","B2.2","","","",2022-11-13,"Backyard","Backyard Producer","Chicken","FL Indian River 04",2022-10-21,2022-10-25,"00Q9TF2",-80.60826,27.78339,"12","12061","Indian River County"
96,"","ATL","Non","IND","FL","Lake 01","PB2 PB1 NP NS","B3.2","","","",2022-11-13,"Backyard","Backyard Producer","OIE NP","FL Lake 01",2022-10-21,2022-10-25,"00RQE7V",-81.78362,28.57505,"12","12069","Lake County"
97,"","ATL","Non","IND","FL","Martin 01","PB2 NP NS","B2.2","","","",2022-10-30,"Backyard","Backyard Producer","OIE NP","FL Martin 01",2022-10-07,2022-10-11,"00P20Y6",-80.47083,27.04636,"12","12085","Martin County"
98,"","ATL","Non","IND","FL","Martin 02","PB2 NP NS","B2.2","","","",2022-11-13,"Backyard","Backyard Producer","OIE NP","FL Martin 02",2022-10-21,2022-10-25,"00RQGX8",-80.30713,27.14942,"12","12085","Martin County"
99,"ay","ATL","Poultry","IND","FL","Miami-Dade 01","PB2 PB1 PA NP","B1.3","","","",2023-03-15,"CHICKEN","Other","Live Bird Sales / Non-Slaughter","FL Miami-Dade 01",2023-02-24,2023-02-28,"00RT8CL",-80.39101,25.72481,"12","12086","Miami-Dade County"
100,"","ATL","Non","IND","FL","Okeechobee 01","PB2 NP NS","B2.2","","","",2022-11-13,"Backyard","Backyard Producer","OIE NP","FL Okeechobee 01",2022-10-18,2022-10-20,"00RQ1WX",-80.84307,27.34327,"12","12093","Okeechobee County"
101,"","ATL","Non","IND","FL","Osceola 01","PB2 PB1 NP","B2.1","","","",2022-08-29,"Other","Sentinel Flock","OIE NP","FL Osceola 01",2022-08-11,2022-08-16,"00RL3A8",-81.544,28.2756,"12","12097","Osceola County"
102,"","ATL","Non","IND","FL","Osceola 02","PB2 PB1 NP NS","B3.2","","","",2022-11-13,"Backyard","Backyard Producer","OIE NP","FL Osceola 02",2022-10-13,2022-10-18,"00RPUD6",-81.24493,28.185,"12","12097","Osceola County"
103,"","ATL","Non","IND","FL","Pasco 01","PB2 NP NS","B2.2","","","",2022-11-13,"Backyard","Backyard Producer","OIE NP","FL Pasco 01",2022-10-24,2022-10-26,"00RQL2F",-82.16287,28.24687,"12","12101","Pasco County"
104,"","ATL","Non","IND","FL","Saint Lucie 01","PB2 NP NS","B2.2","","","",2022-11-13,"Backyard","Backyard Producer","OIE NP","FL Saint Lucie 01",2022-10-17,2022-10-18,"00RQD38",-80.49955,27.37027,"12","12111","St. Lucie County"
105,"","ATL","Non","IND","FL","Seminole 01","PB2 PB1 NP","B1.1","","","",2022-08-05,"Backyard","Backyard Producer","OIE NP","FL Seminole 01",2022-07-20,2022-07-21,"00RJCDH",-81.13203,28.75039,"12","12117","Seminole County"
106,"","ATL","Poultry","IND","FL","Seminole 02","PB2 NP NS","B2.2","","","",2022-12-05,"Backyard","Backyard Producer","Chicken","FL Seminole 02",2022-11-14,2022-11-16,"00NSZXL",-81.25081,28.63474,"12","12117","Seminole County"
107,"","ATL","Non","IND","GA","Henry 01","PB2 PB1 NP","B1.1","","","",2022-09-02,"Other","Animal Rescue / Rehabilitation","OIE NP","GA Henry 01",2022-08-19,2022-08-22,"00RLLT3",-84.12741,33.30615,"13","13151","Henry County"
108,"","ATL","Non","IND","GA","Toombs 01","PB2 PB1 NP","B1.1","","","",2022-06-13,"Backyard","Backyard Producer","OIE NP","GA Toombs 01",2022-05-31,2022-06-01,"00RFMSE",-82.22388,32.14457,"13","13279","Toombs County"
109,"","MISS","Poultry","IND","IA","Bremer 01","PB2 NP","B2.1","","","",2022-05-02,"Commercial","Commercial Turkey Meat Bird","Turkey","IA Bremer 01",2022-04-20,2022-04-21,"00LD7GJ",-92.17393,42.80603,"19","19017","Bremer County"
110,"","MISS","Non","IND","IA","Bremer 02","PB2 PB1 NP NS","B3.2","","","",2022-05-19,"Backyard","Backyard Producer","OIE NP","IA Bremer 02",2022-05-02,2022-05-04,"00B9NVE",-92.16837,42.74126,"19","19017","Bremer County"
111,"l","MISS","Poultry","IND","IA","Buena Vista 01","None","A1","","","",2022-03-13,"Commercial","Commercial Turkey Meat Bird","Turkey","IA Buena Vista 01",2022-03-06,2022-03-06,"00LE5M7",-94.96359,42.64717,"19","19021","Buena Vista County"
112,"l","MISS","Poultry","CSLT","IA","Buena Vista 02","None","A1","","","",2022-03-27,"Commercial","Commercial Table Egg Layer","Chicken","IA Buena Vista 02",2022-03-17,2022-03-17,"00CYT60",-95.12828,42.82564,"19","19021","Buena Vista County"
113,"","MISS","Poultry","IND","IA","Buena Vista 03","PB2 NP","B2.1","","","",2022-04-04,"Commercial","Commercial Turkey Meat Bird","Turkey","IA Buena Vista 03",2022-03-23,2022-03-24,"00827A4",-94.96456,42.80688,"19","19021","Buena Vista County"
114,"","MISS","Poultry","IND","IA","Buena Vista 04","PB2 NP","B2.1","","","",2022-04-11,"Commercial","Commercial Turkey Meat Bird","Turkey","IA Buena Vista 04",2022-03-29,2022-03-30,"00E6FCN",-94.93813,42.78325,"19","19021","Buena Vista County"
115,"","MISS","Poultry","IND","IA","Buena Vista 05","PB2 NP NS","B2.2","","","",2022-12-20,"Commercial","Commercial Turkey Meat Bird","Turkey","IA Buena Vista 05",2022-12-01,2022-12-05,"00LM2W9",-94.9984,42.733,"19","19021","Buena Vista County"
116,"ap","MISS","Poultry","CSLT","IA","Buena Vista 06","PB2 NP NS","B2.2","","","",2022-12-20,"Commercial","Commercial Turkey Meat Bird","Turkey","IA Buena Vista 06",2022-12-10,2022-12-12,"00LNZK2",-95.28641,42.76328,"19","19021","Buena Vista County"
117,"","MISS","Poultry","IND","IA","Buena Vista 07","PB2 PB1 NP NS","B3.2","","","",2023-02-13,"TURKEY","Commercial","Commercial Turkey Meat Bird","IA Buena Vista 07",2023-01-24,2023-01-25,"007OIVB",-95.28942,42.58381,"19","19021","Buena Vista County"
118,"","MISS","Poultry","IND","IA","Cherokee 01","PB2 NP","B2.1","","","",2022-04-11,"Commercial","Commercial Turkey Meat Bird","Turkey","IA Cherokee 01",2022-03-31,2022-03-31,"00LLNF6",-95.41943,42.63553,"19","19035","Cherokee County"
119,"ap","MISS","Poultry","CSLT","IA","Cherokee 02","PB2 NP NS","B2.2","p01","","",2022-12-20,"Commercial","Commercial Turkey Meat Bird","Turkey","IA Cherokee 02",2022-12-05,2022-12-07,"00LLNF6",-95.41943,42.63553,"19","19035","Cherokee County"
120,"ap","MISS","Poultry","CSLT","IA","Cherokee 03","PB2 NP NS","B2.2","","","",2022-12-20,"Commercial","Commercial Turkey Meat Bird","Turkey","IA Cherokee 03",2022-12-10,2022-12-12,"00N2A5L",-95.4072,42.78674,"19","19035","Cherokee County"
121,"","MISS","Non","IND","IA","Chickasaw 01","PB2 PB1 NP NS","B3.6","","","",2023-03-30,"Backyard","WOAH Non-Poultry","Chicken","IA Chickasaw 01",2023-03-13,2023-03-15,"00RXJK3",-92.29268,43.00884,"19","19037","Chickasaw County"
122,"","MISS","Poultry","IND","IA","Dallas 01","PB2 NP","B3.1","","","",2022-11-13,"Backyard","Backyard Producer","OIE NP","IA Dallas 01",2022-10-19,2022-10-20,"00RQ8QH",-94.07204,41.53215,"19","19049","Dallas County"
123,"","MISS","Poultry","IND","IA","Franklin 01","None","A1","","","",2022-04-04,"Commercial","Commercial Table Egg Pullets","Chicken","IA Franklin 01",2022-03-25,2022-03-25,"00LMEWZ",-93.33895,42.8248,"19","19069","Franklin County"
124,"","MISS","Poultry","IND","IA","Guthrie 01","PB2 PB1 NP","B1.1","","","",2022-04-11,"Commercial","Commercial Table Egg Layer","Chicken","IA Guthrie 01",2022-03-28,2022-03-28,"00JRZLZ",-94.52347,41.69543,"19","19077","Guthrie County"
125,"m","MISS","Poultry","IND","IA","Hamilton 01","PB2 NP","B2.1","","","epi links per state",2022-04-11,"Commercial","Commercial Turkey Meat Bird","Turkey","IA Hamilton 01",2022-03-28,2022-03-28,"00ESJML",-93.60039,42.30106,"19","19079","Hamilton County"
126,"m","MISS","Poultry","CSLT","IA","Hamilton 02","PB2 NP","B2.1","","","epi links per state",2022-04-19,"Commercial","Commercial Turkey Poult Supplier","Turkey","IA Hamilton 02",2022-03-31,2022-04-04,"00ESK2M",-93.60098,42.30325,"19","19079","Hamilton County"
127,"","MISS","Poultry","IND","IA","Hardin 01","PB2 NP","B2.1","","","",2022-04-19,"Commercial","Commercial Turkey Meat Bird","Turkey","IA Hardin 01",2022-04-04,2022-04-05,"00ET4J9",-93.41351,42.31033,"19","19083","Hardin County"
128,"","MISS","Poultry","IND","IA","Humboldt 01","None","A1","","","",2022-04-11,"Commercial","Commercial Table Egg Breeder","Chicken","IA Humboldt 01",2022-04-01,2022-04-02,"00JTGMN",-94.36575,42.68969,"19","19091","Humboldt County"
129,"aq","MISS","Poultry","CSLT","IA","Ida 01","PB2 PB1 NP NS","B3.2","","","",2022-12-20,"Commercial","Commercial Turkey Meat Bird","Turkey","IA Ida 01",2022-12-11,2022-12-12,"00LLPNH",-95.40068,42.41653,"19","19093","Ida County"
130,"","MISS","Non","IND","IA","Kossuth 01","PB2 NP","B2.1","","","",2022-05-09,"Backyard","Backyard Producer","OIE NP","IA Kossuth 01",2022-04-22,2022-04-26,"00CBF9L",-94.40235,43.09945,"19","19109","Kossuth County"
131,"","MISS","Non","IND","IA","Louisa 01","PB2 PB1 PA NP","B1.3","","","",2022-11-28,"Backyard","Backyard Producer","OIE NP","IA Louisa 01",2022-11-04,2022-11-08,"00RR2N4",-91.11733,41.25078,"19","19115","Louisa County"
132,"","MISS","Poultry","IND","IA","Osceola 01","PB2 NP","B2.1","","","",2022-04-11,"Commercial","Commercial Table Egg Layer","Chicken","IA Osceola 01",2022-03-31,2022-03-31,"00JBBK8",-95.44358,43.35191,"19","19143","Osceola County"
133,"","MISS","Non","IND","IA","Pottawattamie 01","None","A1","","","",2022-03-06,"Backyard","Backyard Producer","OIE NP","IA Pottawattamie 01",2022-02-28,2022-03-01,"00R559F",-95.59108,41.16343,"19","19155","Pottawattamie County"
134,"","MISS","Poultry","IND","IA","Sac 01","PB2 NP","B2.1","","","",2022-04-11,"Commercial","Commercial Turkey Meat Bird","Turkey","IA Sac 01",2022-04-02,2022-04-02,"00LMX0L",-95.0866,42.50356,"19","19161","Sac County"
135,"aq","MISS","Poultry","IND","IA","Sac 02","PB2 PB1 NP NS","B3.2","","","",2022-12-20,"Commercial","Commercial Turkey Meat Bird","Turkey","IA Sac 02",2022-12-05,2022-12-07,"00LNZFC",-95.31773,42.46979,"19","19161","Sac County"
136,"aq","MISS","Poultry","CSLT","IA","Sac 03","PB2 PB1 NP NS","B3.2","","","",2023-01-10,"Commercial","Commercial Turkey Meat Bird","Turkey","IA Sac 03",2022-12-08,2022-12-12,"00LP4DF",-95.27962,42.53256,"19","19161","Sac County"
137,"","MISS","Poultry","IND","IA","Taylor 01","None","A1","","","",2022-03-20,"Commercial","Commercial Table Egg Layer","Chicken","IA Taylor 01",2022-03-10,2022-03-10,"007QOLU",-94.49173,40.80716,"19","19173","Taylor County"
138,"","MISS","Non","IND","IA","Warren 01","PB2 NP","B2.1","","","",2022-03-27,"Backyard","Backyard Producer","OIE NP","IA Warren 01",2022-03-19,2022-03-20,"00R75XN",-93.75024,41.40799,"19","19181","Warren County"
139,"af","MISS","Poultry","IND","IA","Wright 01","PB2 NP","B2.1","","","control zone",2022-11-13,"Commercial","Commercial Table Egg Layer","Chicken","IA Wright 01",2022-10-30,2022-10-31,"00KCUAX",-93.66714,42.65892,"19","19197","Wright County"
140,"af","MISS","Poultry","CSLT","IA","Wright 02","PB2 NP","B2.1","","","control zone",2022-11-13,"Commercial","Commercial Table Egg Layer","Chicken","IA Wright 02",2022-11-04,2022-11-06,"00LMDU8",-93.64439,42.68494,"19","19197","Wright County"
141,"","PAC","Poultry","IND","ID","Ada 01","PB2 PB1 NP NS","B3.2","","","",2022-05-23,"Backyard","Backyard Producer","Poultry","ID Ada 01",NA,2022-05-10,"00RDJ6G",-116.26678,43.6719,"16","16001","Ada County"
142,"","PAC","Non","IND","ID","Ada 02","PB2 NP","B3.1","","","",2022-05-23,"Backyard","Backyard Producer","OIE NP","ID Ada 02",2022-05-09,2022-05-11,"00RDL2G",-116.42545,43.65684,"16","16001","Ada County"
143,"","PAC","Non","IND","ID","Ada 03","PB2 NP","B3.1","","","",2022-05-23,"Backyard","Backyard Producer","OIE NP","ID Ada 03",2022-05-11,2022-05-12,"00RDJ1Q",-116.49644,43.73415,"16","16001","Ada County"
144,"","PAC","Non","IND","ID","Ada 04","PB2 NP","B3.1","","","",2022-05-23,"Backyard","Backyard Producer","OIE NP","ID Ada 04",NA,2022-05-13,"00RE1LB",-116.33405,43.48778,"16","16001","Ada County"
145,"","PAC","Non","INR","ID","Ada 05","PB2 NP","B3.1","","","",2022-05-31,"Backyard","Backyard Producer","OIE NP","ID Ada 05",NA,2022-05-17,"00RE6X6",-116.39972,43.73513,"16","16001","Ada County"
146,"r","PAC","Poultry","CSLT","ID","Ada 06","PB2 NP","B3.1","","","Ada 06 and Canyon 06 were the ones that had purchased birds from the 5/7/22 Bird Breeders of Idaho auction held in Canyon County. Both owners reported that the purchased birds began dying first. ",2022-05-31,"Backyard","Backyard Producer","Chicken","ID Ada 06",NA,2022-05-17,"00REFSF",-116.30817,43.68195,"16","16001","Ada County"
147,"","PAC","Non","INR","ID","Ada 07","PB2 PB1 NP NS","B3.2","","","",2022-05-31,"Backyard","Backyard Producer","OIE NP","ID Ada 07",NA,2022-05-18,"00REEMV",-116.29082,43.65511,"16","16001","Ada County"
148,"","PAC","Poultry","IND","ID","Ada 08","PB2 NP","B2.1","","","",2022-05-31,"Backyard","Backyard Producer","Chicken","ID Ada 08",NA,2022-05-19,"00REJ84",-116.40941,43.48739,"16","16001","Ada County"
149,"","PAC","Non","INR","ID","Ada 09","PB2 PB1 NP NS","B3.2","","","",2022-05-31,"Backyard","Backyard Producer","OIE NP","ID Ada 09",NA,2022-05-19,"00REQB3",-116.38559,43.73132,"16","16001","Ada County"
150,"","PAC","Non","INR","ID","Ada 10","PB2 PB1 NP NS","B3.2","","","",2022-05-31,"Backyard","Backyard Producer","OIE NP","ID Ada 10",NA,2022-05-20,"00REVDG",-116.30684,43.57323,"16","16001","Ada County"
151,"","PAC","Non","IND","ID","Ada 11","PB2 NP","B2.1","","","",2022-06-04,"Backyard","Backyard Producer","OIE NP","ID Ada 11",NA,2022-05-24,"00RF18T",-116.31926,43.58146,"16","16001","Ada County"
152,"","PAC","Non","IND","ID","Bingham 01","PB2 PB1 NP NS","B3.2","","","",2023-03-15,"Backyard","WOAH Non-Poultry","Chicken","ID Bingham 01",NA,2023-03-06,"00RWWCA",-112.07693,43.36766,"16","16011","Bingham County"
153,"","PAC","Non","IND","ID","Bonneville 01","PB2 PB1 NP NS","B3.2","","","",2023-05-16,"Backyard","WOAH Non-Poultry","Poultry","ID Bonneville 01",NA,2023-04-17,"00S0QCL",-111.90234,43.50156,"16","16019","Bonneville County"
154,"","PAC","Poultry","IND","ID","Canyon 01","PB2 NP","B2.1","","","",2022-05-23,"Backyard","Backyard Producer","Poultry","ID Canyon 01",NA,2022-05-09,"00RDEK8",-116.58259,43.51093,"16","16027","Canyon County"
155,"","PAC","Non","INR","ID","Canyon 02","PB2 PB1 NP NS","B3.2","","q","",2022-05-23,"Backyard","Backyard Producer","OIE NP","ID Canyon 02",NA,2022-05-13,"00RE1N7",-116.55953,43.55913,"16","16027","Canyon County"
156,"","PAC","Poultry","INR","ID","Canyon 03","PB2 PB1 NP NS","B3.2","","q","all geographically close together, and the whole area is covered in irrigation canals and large drainage ditches, plus the Snake River, Boise River, and Lake Lowell which is within a wildlife refuge",2022-05-31,"Backyard","Backyard Producer","Chicken","ID Canyon 03",NA,2022-05-17,"00REEPP",-116.53243,43.54959,"16","16027","Canyon County"
157,"","PAC","Non","INR","ID","Canyon 04","PB2 PB1 NP NS","B3.2","","s","all geographically close together, and the whole area is covered in irrigation canals and large drainage ditches, plus the Snake River, Boise River, and Lake Lowell which is within a wildlife refuge",2022-05-31,"Backyard","Backyard Producer","OIE NP","ID Canyon 04",NA,2022-05-17,"00REFPL",-116.56237,43.62179,"16","16027","Canyon County"
158,"","PAC","Poultry","INR","ID","Canyon 05","PB2 PB1 NP NS","B3.2","","s","all geographically close together, and the whole area is covered in irrigation canals and large drainage ditches, plus the Snake River, Boise River, and Lake Lowell which is within a wildlife refuge",2022-05-31,"Backyard","Backyard Producer","Duck","ID Canyon 05",NA,2022-05-17,"00REF2W",-116.49758,43.61304,"16","16027","Canyon County"
159,"r","PAC","Poultry","CSLT","ID","Canyon 06","PB2 NP","B3.1","","","Ada 06 and Canyon 06 were the ones that had purchased birds from the 5/7/22 Bird Breeders of Idaho auction held in Canyon County. Both owners reported that the purchased birds began dying first. ",2022-05-31,"Backyard","Backyard Producer","Poultry","ID Canyon 06",NA,2022-05-18,"003PJHT",-117.00612,43.78342,"16","16027","Canyon County"
160,"","PAC","Poultry","INR","ID","Canyon 07","PB2 PB1 NP NS","B3.2","","s","all geographically close together, and the whole area is covered in irrigation canals and large drainage ditches, plus the Snake River, Boise River, and Lake Lowell which is within a wildlife refuge",2022-05-31,"Backyard","Backyard Producer","Chicken","ID Canyon 07",NA,2022-05-18,"00RE87D",-116.54614,43.58263,"16","16027","Canyon County"
161,"","PAC","Non","IND","ID","Canyon 08","PB2 NP","B2.1","","","",2022-05-31,"Backyard","Backyard Producer","OIE NP","ID Canyon 08",NA,2022-05-18,"00REERL",-116.58678,43.53775,"16","16027","Canyon County"
162,"","PAC","Non","INR","ID","Canyon 09","PB2 PB1 NP NS","B3.2","","q","all geographically close together, and the whole area is covered in irrigation canals and large drainage ditches, plus the Snake River, Boise River, and Lake Lowell which is within a wildlife refuge",2022-05-31,"Backyard","Backyard Producer","OIE NP","ID Canyon 09",NA,2022-05-19,"00REMDH",-116.54004,43.55837,"16","16027","Canyon County"
163,"","PAC","Non","IND","ID","Canyon 10","PB2 NP","B2.1","","","",2022-05-31,"Backyard","Backyard Producer","OIE NP","ID Canyon 10",NA,2022-05-19,"00REEVD",-116.57524,43.55054,"16","16027","Canyon County"
164,"","PAC","Non","IND","ID","Caribou 01","PB2 NP","B4.1","","","",2022-04-25,"Backyard","Backyard Producer","OIE NP","ID Caribou 01",2022-04-14,2022-04-14,"00RAATS",-111.6227,42.66925,"16","16029","Caribou County"
165,"","PAC","Non","IND","ID","Gem 01","PB2 PB1 NP NS","B3.2","","","",2023-01-10,"Backyard","WOAH Non-Poultry","Ratites","ID Gem 01",2022-12-19,2022-12-20,"00RT6HJ",-116.71192,43.82504,"16","16045","Gem County"
166,"","PAC","Poultry","IND","ID","Gooding 01","PB2 NP","B2.1","","","",2022-04-25,"Backyard","Backyard Producer","Chicken","ID Gooding 01",2022-04-14,2022-04-14,"0040WG7",-114.69328,42.93707,"16","16047","Gooding County"
167,"","PAC","Non","IND","ID","Gooding 02","PB2 NP","B2.1","","","",2022-05-02,"Backyard","Backyard Producer","OIE NP","ID Gooding 02",NA,2022-04-19,"00RB4B8",-114.867,42.78085,"16","16047","Gooding County"
168,"","PAC","Poultry","IND","ID","Gooding 03","PB2 NP","B2.1","","","",2022-10-05,"Commercial","Commercial Upland Gamebird Producer","Pheasant","ID Gooding 03",NA,2022-09-21,"00RB8ZG",-114.87592,42.84349,"16","16047","Gooding County"
169,"","PAC","Poultry","IND","ID","Madison 01","PB2 NP","B4.1","","","",2022-05-02,"Backyard","Backyard Producer","Poultry","ID Madison 01",NA,2022-04-20,"00RB3CA",-111.91313,43.79787,"16","16065","Madison County"
170,"","PAC","Non","IND","ID","Twin Falls 01","PB2 NP NS","B2.2","","","",2022-09-26,"Backyard","Backyard Producer","OIE NP","ID Twin Falls 01",NA,2022-09-12,"00RMTGS",-114.67755,42.65208,"16","16083","Twin Falls County"
171,"","MISS","Non","IND","IL","Boone 01","PB2 PB1 NP NS","B3.2","","","",2022-05-31,"Backyard","Backyard Producer","OIE NP","IL Boone 01",2022-05-14,2022-05-17,"00RE9T2",-88.76827,42.36913,"17","17007","Boone County"
172,"","MISS","Non","IND","IL","Carroll 01","PB2 NP","B2.1","","","",2022-04-11,"Backyard","Backyard Producer","OIE NP","IL Carroll 01",2022-03-31,2022-03-31,"00R86GE",-90.02362,42.01149,"17","17015","Carroll County"
173,"","MISS","Poultry","IND","IL","Grundy 01","PB2 PB1 NP NS","B3.2","","","",2022-12-20,"Backyard","WOAH Poultry","Pheasant","IL Grundy 01",2022-11-29,2022-11-30,"00RS6C2",-88.52739,41.34534,"17","17063","Grundy County"
174,"","MISS","Non","IND","IL","Kane 01","PB2 NP","B2.1","","","",2022-05-19,"Backyard","Backyard Producer","OIE NP","IL Kane 01",2022-05-03,2022-05-03,"00RCRLY",-88.40741,42.14173,"17","17089","Kane County"
175,"","MISS","Non","IND","IL","Mclean 01","None","A1","","","",2022-03-20,"Backyard","Backyard Producer","OIE NP","IL Mclean 01",2022-03-10,2022-03-11,"00R66S2",-88.83692,40.64929,"17","17113","McLean County"
176,"","MISS","Non","IND","IL","St. Clair 01","PB2 PB1 NP NS","B3.2","","","",2023-01-10,"Backyard","WOAH Non-Poultry","Assorted Pet Birds","IL St. Clair 01",2022-12-20,2022-12-21,"00RT5VW",-89.87702,38.49545,"17","17163","St. Clair County"
177,"","MISS","Poultry","IND","IL","Wayne 01","PB2 PB1 NP NS","B3.4","","","E627K ",2023-03-15,"TURKEY","Commercial","Commercial Turkey Meat Bird","IL Wayne 01",2023-02-22,2023-02-24,"00LPEQN",-88.68067,38.4025,"17","17191","Wayne County"
178,"","MISS","Non","IND","IN","Allen 01","PB2 PB1 PA NP","B1.2","","","",2022-05-31,"Backyard","Backyard Producer","OIE NP","IN Allen 01",2022-05-12,2022-05-19,"00RE0JJ",-84.99538,41.15141,"18","18003","Allen County"
179,"","MISS","Poultry","IND","IN","Allen 02","PB2 PB1 PA NP","B1.2","","","",2022-06-18,"Backyard","Backyard Producer","Poultry","IN Allen 02",2022-06-02,2022-06-07,"00JDZ06",-85.0474,41.2037,"18","18003","Allen County"
180,"","MISS","Non","IND","IN","Allen 03","PB2 NP","B2.1","","","",2022-06-18,"Backyard","Backyard Producer","OIE NP","IN Allen 03",2022-06-03,2022-06-08,"00REB55",-85.04643,40.94,"18","18003","Allen County"
181,"","MISS","Poultry","IND","IN","Daviess 01","PB2 NP NS","B2.2","","","",2023-01-10,"Commercial","Commercial Turkey Meat Bird","Turkey","IN Daviess 01",2022-12-11,2022-12-13,"007WW0L",-86.9375,38.5085,"18","18027","Daviess County"
182,"x","MISS","Poultry","IND","IN","Dubois 01","None","A1","","","strong genetic evidence",2022-03-06,"Commercial","Commercial Turkey Meat Bird","Turkey","IN Dubois 01",2022-02-07,2022-02-08,"00EL7T6",-86.8749,38.27509,"18","18037","Dubois County"
183,"x","MISS","Poultry","CSLT","IN","Dubois 02","None","A1","","","strong genetic evidence",2022-03-06,"Commercial","Commercial Turkey Meat Bird","Turkey","IN Dubois 02",2022-02-14,2022-02-16,"00Q84A9",-86.87607,38.28256,"18","18037","Dubois County"
184,"x","MISS","Poultry","CSLT","IN","Dubois 03","None","A1","","","strong genetic evidence",2022-03-13,"Commercial","Commercial Turkey Meat Bird","Turkey","IN Dubois 03",2022-02-22,2022-02-24,"00LLEZ2",-86.91951,38.26776,"18","18037","Dubois County"
185,"x","MISS","Poultry","CSLT","IN","Dubois 04","None","A1","","","strong genetic evidence",2022-03-13,"Commercial","Commercial Turkey Meat Bird","Turkey","IN Dubois 04",2022-03-01,2022-03-02,"00ELB19",-86.91048,38.26043,"18","18037","Dubois County"
186,"k","MISS","Poultry","IND","IN","Elkhart 01","PB2 PB1 PA NP","B1.2","","","Same owner, several other links between 1 and 2 and 2 and 3",2022-04-19,"Commercial","Commercial Duck Breeder","Duck","IN Elkhart 01",2022-04-07,2022-04-08,"00CCRUU",-85.78174,41.65192,"18","18039","Elkhart County"
187,"k","MISS","Poultry","CSLT","IN","Elkhart 02","PB2 PB1 PA NP","B1.2","","","Same owner, several other links between 1 and 2 and 2 and 3",2022-04-25,"Commercial","Commercial Duck Breeder","Duck","IN Elkhart 02",2022-04-12,2022-04-14,"00R6P59",-85.76375,41.667,"18","18039","Elkhart County"
188,"k","MISS","Poultry","CSLT","IN","Elkhart 03","PB2 PB1 PA NP","B1.2","","","Same owner, several other links between 1 and 2 and 2 and 3",2022-05-02,"Commercial","Commercial Duck Meat Bird","Duck","IN Elkhart 03",2022-04-18,2022-04-20,"00N8F8H",-85.75771,41.67246,"18","18039","Elkhart County"
189,"","MISS","Poultry","IND","IN","Elkhart 04","PB2 PB1 PA NP","B1.3","","","",2022-09-12,"Backyard","Backyard Producer","Poultry","IN Elkhart 04",2022-08-30,2022-09-01,"00R0EZ6",-86.03581,41.62241,"18","18039","Elkhart County"
190,"","MISS","Poultry","IND","IN","Greene 01","None","A1","","","",2022-03-06,"Commercial","Commercial Turkey Meat Bird","Turkey","IN Greene 01",2022-02-17,2022-02-23,"00FGNJL",-87.03621,38.96229,"18","18055","Greene County"
191,"","MISS","Poultry","IND","IN","Greene 02","None","A1","","","",2022-03-06,"Commercial","Commercial Turkey Meat Bird","Turkey","IN Greene 02",2022-02-18,2022-02-23,"00MXASX",-86.93811,38.95343,"18","18055","Greene County"
192,"","MISS","Non","IND","IN","Johnson 01","PB2 NP NS","B2.2","","","",2022-05-09,"Backyard","Backyard Producer","OIE NP","IN Johnson 01",2022-04-25,2022-04-28,"00RBZPZ",-86.17753,39.55008,"18","18081","Johnson County"
193,"","CEN","Poultry","IND","KS","Anderson 01","PB2 PB1 NP NS","B3.2","","","",2023-01-29,"Commercial","Commercial Upland Gamebird Producer","Pheasant","KS Anderson 01",2023-01-03,2023-01-04,"00HURRU",-95.37853,38.3664,"20","20003","Anderson County"
194,"","CEN","Poultry","IND","KS","Dickinson 01","None","A1","","","",2022-03-27,"Backyard","Backyard Producer","Poultry","KS Dickinson 01",2022-03-17,2022-03-18,"00R6VZY",-96.94704,38.63723,"20","20041","Dickinson County"
195,"","CEN","Non","IND","KS","Doniphan-01","PB2 NP NS","B2.2","","","",2023-03-03,"BYF-PARTRIGE-QUAIL","Backyard","WOAH Non-Poultry","KS Doniphan 01",2023-02-09,2023-02-13,"00RVMHD",-95.11482,39.82474,"20","20043","Doniphan County"
196,"","CEN","Non","IND","KS","Elk 01","PB2 PB1 NP NS","B3.2","","","",2023-01-29,"Backyard","WOAH Non-Poultry","Chicken","KS Elk 01",2022-12-28,2022-12-28,"00RTABF",NA,NA,"20",NA,NA
197,"","CEN","Non","IND","KS","Ellsworth 01","PB2 PB1 NP NS","B3.2","","","",2023-03-30,"Backyard","WOAH Non-Poultry","Chicken","KS Ellsworth 01",2023-03-22,2023-03-24,"00RYMTZ",-98.36654,38.71066,"20","20053","Ellsworth County"
198,"","CEN","Poultry","IND","KS","Franklin 01","None","A1","","","",2022-03-20,"Backyard","Backyard Producer","Chicken","KS Franklin 01",2022-03-10,2022-03-11,"00R630X",-95.08018,38.62299,"20","20059","Franklin County"
199,"","CEN","Poultry","IND","KS","Johnson 01","PB2 PB1 PA NP","B1.3","","","",2022-11-13,"Backyard","Backyard Producer","Goose","KS Johnson 01",2022-10-04,2022-10-07,"00RP809",-94.70143,38.87821,"20","20091","Johnson County"
200,"","CEN","Poultry","IND","KS","McPherson 01","NP","A1/Minor04","","","",2022-04-25,"Commercial","Commercial Turkey Breeder Hens","Turkey","KS McPherson 01",2022-04-09,2022-04-13,"00M3RXE",-97.66389,38.24952,"20","20113","McPherson County"
201,"","CEN","Non","IND","KS","Mitchell 01","PB2 NP","B2.1","","","",2022-04-04,"Backyard","Backyard Producer","OIE NP","KS Mitchell 01",2022-03-24,2022-03-25,"00R7TE4",-98.18031,39.39455,"20","20123","Mitchell County"
202,"","CEN","Poultry","IND","KS","Mitchell 02","PB2 NP NS","B2.2","","","",2023-01-29,"Commercial","Commercial Upland Gamebird Producer","Pheasant","KS Mitchell 02",2023-01-16,2023-01-17,"00RTZUL",-98.2833,39.30268,"20","20123","Mitchell County"
203,"","CEN","Non","IND","KS","Mitchell 04","PB2 PB1 NP NS","B3.2","","","",2023-05-16,"Backyard","WOAH Non-Poultry","Chicken","KS Mitchell 04",2023-04-07,2023-04-10,"00S0AEB",-98.42032,39.42126,"20","20123","Mitchell County"
204,"","CEN","Poultry","IND","KS","Mitchell-03","PB2 PB1 NP NS","B3.2","","","",2023-03-03,"PHEASANT","Commercial","Commercial Upland Gamebird Producer","KS Mitchell 03",2023-02-07,2023-02-08,"00RVFMV",-98.47645,39.34086,"20","20123","Mitchell County"
205,"","CEN","Poultry","IND","KS","Neosho 01","PB2 PB1 NP NS","B3.2","","","",2022-11-13,"Backyard","Backyard Producer","Duck","KS Neosho 01",2022-10-04,2022-10-07,"00RPA5S",-95.4377,37.46468,"20","20133","Neosho County"
206,"","CEN","Poultry","IND","KS","Republic 01","PB2 NP","B2.1","","","",2022-05-09,"Backyard","Backyard Producer","Poultry","KS Republic 01",2022-04-26,2022-04-27,"00H4P5Z",-97.85332,39.91453,"20","20157","Republic County"
207,"","CEN","Non","IND","KS","Sedgwick 01","None","A1","","","",2022-03-27,"Backyard","Backyard Producer","OIE NP","KS Sedgwick 01",2022-03-17,2022-03-17,"00R6STL",-97.57084,37.68739,"20","20173","Sedgwick County"
208,"","CEN","Poultry","IND","KS","Shawnee 01","PB2 NP NS","B2.2","","","",2022-11-13,"Backyard","Backyard Producer","Chicken","KS Shawnee 01",2022-10-18,2022-10-19,"00RQ5SP",-95.70841,39.12352,"20","20177","Shawnee County"
209,"","MISS","Poultry","IND","KY","Fayette 01","PB2 PB1 PA NP","B1.2","","","",2022-11-13,"Backyard","Backyard Producer","Poultry","KY Fayette 01",2022-10-05,2022-10-06,"00RPCU5",-84.40952,37.91981,"21","21067","Fayette County"
210,"","MISS","Poultry","INR","KY","Fulton 01","None","A1","","","",2022-03-06,"Commercial","Commercial Broiler Production","Chicken","KY Fulton 01",2022-02-11,2022-02-12,"00N7279",-88.95088,36.50836,"21","21075","Fulton County"
211,"","MISS","Non","IND","KY","Logan 01","PB2 PB1 PA NP","B1.3","","","",2022-10-30,"Backyard","Backyard Producer","OIE NP","KY Logan 01",2022-10-10,2022-10-11,"00RPK6N",-87.05317,36.79012,"21","21141","Logan County"
212,"","MISS","Poultry","IND","KY","Webster 01","None","A1","","","",2022-03-06,"Commercial","Commercial Turkey Meat Bird","Turkey","KY Webster 01",2022-02-13,2022-02-15,"00LNRBH",-87.51784,37.53775,"21","21233","Webster County"
213,"","ATL","Non","IND","MA","Berkshire 01","None","A1","","","",2022-04-11,"Backyard","Backyard Producer","OIE NP","MA Berkshire 01",2022-03-25,2022-03-29,"00R83EU",-73.22249,42.5547,"25","25003","Berkshire County"
214,"","ATL","Non","IND","MA","Bristol 01","PB2 PB1 PA NP","B1.3","","","",2022-09-26,"Backyard","Backyard Producer","OIE NP","MA Bristol 01",2022-09-14,2022-09-15,"00RN72P",-70.99082,41.52481,"25","25005","Bristol County"
215,"","ATL","Non","IND","MA","Middlesex 01","PB2","Minor17","","","",2022-11-28,"Backyard","Backyard Producer","OIE NP","MA Middlesex 01",2022-11-01,2022-11-03,"008JWFB",-71.48764,42.67137,"25","25017","Middlesex County"
216,"","ATL","Non","IND","MD","Anne Arundel 01","PB2 PB1 PA NP","B1.3","","","",2023-01-29,"Backyard","Backyard Producer","OIE NP","MD Anne Arundel 01",2022-09-21,2022-09-22,"00RNHU1",-76.44475,39.12036,"24","24003","Anne Arundel County"
217,"a","ATL","Poultry","IND","MD","Cecil 01","None","A1","","","epi link exists - network supports",2022-03-13,"Commercial","Commercial Table Egg Layer","Chicken","MD Cecil 01",2022-03-03,2022-03-04,"00LXTB1",-75.80039,39.39802,"24","24015","Cecil County"
218,"a","ATL","Poultry","CSLT","MD","Cecil 02","None","A1","","","epi link exists - network supports",2022-03-20,"Commercial","Commercial Table Egg Layer","Chicken","MD Cecil 02",2022-03-09,2022-03-10,"00LXTC0",-75.80714,39.41002,"24","24015","Cecil County"
219,"","ATL","Poultry","INR","MD","Cecil 04","None","A1","","a","investigations ruled out epi links",2022-03-27,"Commercial","Commercial Table Egg Pullets","Chicken","MD Cecil 04",2022-03-17,2022-03-18,"00LXT0N",-75.81869,39.39606,"24","24015","Cecil County"
220,"","ATL","Poultry","INR","MD","Queen Anne's 01","None","A1","","a","investigations ruled out epi links",2022-03-20,"Commercial","Commercial Broiler Production","Chicken","MD Queen Anne's 01",2022-03-07,2022-03-08,"00LQVY1",-75.90382,39.16107,"24","24035","Queen Anne's County"
221,"","ATL","Poultry","IND","MD","Washington 01","PB2 NP NS","B2.2","","","",2022-12-20,"Commercial","Commercial Table Egg Breeder","Chicken","MD Washington 01",2022-11-27,NA,"00H5NHB",-77.75756,39.70559,"24","24043","Washington County"
222,"","ATL","Poultry","IND","ME","Cumberland 01","None","A1","","","",2022-04-04,"Backyard","Backyard Producer","Poultry","ME Cumberland 01",NA,2022-03-22,"00R7A6M",-70.23113,43.81614,"23","23005","Cumberland County"
223,"","ATL","Non","IND","ME","Cumberland 02","None","A2","","","",2022-07-25,"Backyard","Backyard Producer","OIE NP","ME Cumberland 02",2022-06-28,2022-06-29,"00RHBV1",-69.97547,43.81713,"23","23005","Cumberland County"
224,"","ATL","Non","IND","ME","Hancock 01","PB2 PB1 NP NS","B3.2","","","",2023-02-13,"BYF-CHICKEN","Backyard","WOAH Non-Poultry","ME Hancock 01",2023-01-26,2023-01-27,"00RUFHE",-68.67741,44.56844,"23","23009","Hancock County"
225,"","ATL","Non","IND","ME","Hancock-02","PB2 PB1 PA NP","B1.3","","","",2023-03-03,"BYF-CHICKEN","Backyard","WOAH Non-Poultry","ME Hancock 02",2023-02-01,2023-02-06,"00RULR5",-68.39751,44.16003,"23","23009","Hancock County"
226,"","ATL","Non","IND","ME","Kennebec-01","PB2 PB1 PA NP","B1.3","","","",2023-03-03,"BYF-CHICKEN","Backyard","WOAH Non-Poultry","ME Kennebec 01",2023-02-02,2023-02-06,"00RUPXE",-70.00774,44.44313,"23","23011","Kennebec County"
227,"","ATL","Non","INR","ME","Knox 01","None","A1","","","",2022-03-06,"Backyard","Backyard Producer","OIE NP","ME Knox 01",2022-02-18,2022-02-19,"00R41T1",-69.287,44.00741,"23","23013","Knox County"
228,"","ATL","Non","INR","ME","Knox 02","None","A1","","","",2022-03-06,"Backyard","Backyard Producer","OIE NP","ME Knox 02",2022-02-22,2022-02-23,"00R47E5",-69.22916,44.02106,"23","23013","Knox County"
229,"","ATL","Non","IND","ME","Knox 03","None","A2","","","",2022-03-27,"Backyard","Backyard Producer","OIE NP","ME Knox 03",NA,2022-03-19,"00R72HW",-69.11476,44.09577,"23","23013","Knox County"
230,"","ATL","Non","INR","ME","Knox 04","None","A1","","","",2022-04-11,"Backyard","Backyard Producer","OIE NP","ME Knox 04",2022-03-28,2022-03-29,"00R7T8G",-69.13714,44.03014,"23","23013","Knox County"
231,"","ATL","Non","IND","ME","Lincoln 01","None","A1","","","",2022-03-20,"Backyard","Backyard Producer","OIE NP","ME Lincoln 01",2022-03-11,2022-03-12,"00R5ZVY",-69.48843,44.30926,"23","23015","Lincoln County"
232,"","ATL","Non","IND","ME","Lincoln 02","None","A2","","","",2022-03-27,"Backyard","Backyard Producer","OIE NP","ME Lincoln 02",2022-03-17,2022-03-17,"00R6S07",-69.56328,43.87754,"23","23015","Lincoln County"
233,"","ATL","Non","INR","ME","Lincoln 03","None","A2","","","",2022-04-11,"Backyard","Backyard Producer","OIE NP","ME Lincoln 03",2022-03-29,2022-03-30,"00R84AY",-69.66931,43.88631,"23","23015","Lincoln County"
234,"","ATL","Non","INR","ME","Waldo 01","None","A2","","","",2022-04-19,"Backyard","Backyard Producer","OIE NP","ME Waldo 01",NA,2022-04-05,"00R8T8C",-69.37304,44.39626,"23","23027","Waldo County"
235,"","ATL","Non","IND","ME","Washington 02","PB2 NP NS","B2.2","","","",2022-12-12,"Backyard","Backyard Producer","OIE NP","ME Washington 02",2022-11-17,2022-11-21,"00RRML2",-67.83852,44.58433,"23","23029","Washington County"
236,"","ATL","Non","INR","ME","York 01","None","A1","","","",2022-03-27,"PHEASANT","Backyard Producer","OIE NP","ME York 01",2022-03-14,2022-03-14,"00QP1WS",-70.62981,43.48423,"23","23031","York County"
237,"","ATL","Non","INR","ME","York 02","None","A1","","","",2022-03-27,"PHEASANT","Backyard Producer","OIE NP","ME York 02",2022-03-18,2022-03-19,"00R6YLD",-70.73499,43.53129,"23","23031","York County"
238,"","MISS","Non","IND","MI","Branch 01","PB2 PB1 PA NP","B1.2","","","",2022-05-09,"Backyard","Backyard Producer","OIE NP","MI Branch 01",2022-04-29,2022-04-30,"00RCFVP",-84.85243,41.92616,"26","26023","Branch County"
239,"","MISS","Non","IND","MI","Eaton 01","PB2 PB1 NP NS","B3.2","","","",2023-03-30,"Backyard","WOAH Non-Poultry","Chicken","MI Eaton 01",2023-03-10,2023-03-14,"00RXFCZ",-84.61397,42.5954,"26","26045","Eaton County"
240,"","MISS","Non","IND","MI","Genesee 01","PB2 PB1 PA NP","B1.2","","","",2022-10-30,"Backyard","Backyard Producer","OIE NP","MI Genesee 01",2022-10-10,2022-10-12,"00RPJJ0",-83.76679,42.89954,"26","26049","Genesee County"
241,"","MISS","Poultry","IND","MI","Ingham 01","PB2 PB1 PA NP","B1.3","","","",2022-09-26,"Backyard","Backyard Producer","Chicken","MI Ingham 01",2022-09-12,2022-09-13,"00RMT1L",-84.53651,42.61854,"26","26065","Ingham County"
242,"","MISS","Non","IND","MI","Kalamazoo 01","None","A1","","","",2022-03-06,"Backyard","Backyard Producer","OIE NP","MI Kalamazoo 01",2022-02-22,2022-02-23,"00R4EK2",-85.35607,42.39184,"26","26077","Kalamazoo County"
243,"","MISS","Poultry","IND","MI","Lapeer 01","PB2 PB1 PA NP","B1.2","","","",2022-11-13,"Backyard","Backyard Producer","Turkey","MI Lapeer 01",2022-10-05,2022-10-07,"00RPCE2",-83.19652,43.00333,"26","26087","Lapeer County"
244,"al","MISS","Poultry","CSLT","MI","Lapeer 03","PB2 PB1 PA NP","B1.3","","","",2022-11-28,"Other","Backyard Producer","Pheasant","MI Lapeer 03",2022-11-09,2022-11-10,"00NADD0",-83.26285,42.97355,"26","26087","Lapeer County"
245,"","MISS","Poultry","RI","MI","Lapeer 05","PB2 PB1 PA NP","B1.3","p03","","",2023-03-30,"Other","WOAH Poultry","Pheasant","MI Lapeer 05",2023-03-22,2023-03-23,"00NADD0",-83.26285,42.97355,"26","26087","Lapeer County"
246,"","MISS","Non","IND","MI","Livingston 01","PB2 PB1 PA NP","B1.2","","","",2022-04-25,"Backyard","Backyard Producer","OIE NP","MI Livingston 01",2022-04-14,2022-04-15,"00RAEPM",-84.10272,42.7664,"26","26093","Livingston County"
247,"","MISS","Non","IND","MI","Macomb 01","PB2 PB1 PA NP","B1.2","","","",2022-04-04,"Backyard","Backyard Producer","OIE NP","MI Macomb 01",2022-03-23,2022-03-24,"00PAQTT",-83.00197,42.8719,"26","26099","Macomb County"
248,"","MISS","Non","IND","MI","Macomb 02","PB2 PB1 PA NP","B1.2","","","",2022-04-25,"Backyard","Backyard Producer","OIE NP","MI Macomb 02",2022-04-13,2022-04-15,"00RA2ZB",-82.94278,42.79004,"26","26099","Macomb County"
249,"","MISS","Non","IND","MI","Macomb 03","PB2 PB1 PA NP","B1.2","","","",2022-09-26,"Backyard","Backyard Producer","OIE NP","MI Macomb 03",2022-09-16,2022-09-19,"00RN92H",-83.03768,42.769,"26","26099","Macomb County"
250,"d","MISS","Non","IND","MI","Menominee 01","PB2 NP","B2.1","","","epi links per state",2022-04-25,"Backyard","Backyard Producer","OIE NP","MI Menominee 01",2022-04-08,2022-04-11,"00R9FVC",-87.62412,45.3377,"26","26109","Menominee County"
251,"d","MISS","Poultry","CSLT","MI","Menominee 02","PB2 NP","B2.1","","","epi links per state",2022-04-25,"Backyard","Backyard Producer","Chicken","MI Menominee 02",2022-04-12,2022-04-13,"00NYK79",-87.64114,45.35649,"26","26109","Menominee County"
252,"","MISS","Non","INR","MI","Menominee 03","PB2 NP","B2.1","","","",2022-04-25,"Backyard","Backyard Producer","OIE NP","MI Menominee 03",2022-04-15,2022-04-16,"00RA8HN",-87.64537,45.15023,"26","26109","Menominee County"
253,"","MISS","Non","IND","MI","Menominee 04","PB2 PB1 NP NS","B3.2","","","",2022-05-09,"Backyard","Backyard Producer","OIE NP","MI Menominee 04",2022-04-23,2022-04-25,"00RBKJ2",-87.63463,45.73795,"26","26109","Menominee County"
254,"","MISS","Poultry","IND","MI","Muskegon 01","PB2 PB1 NP","B1.1","","","",2022-05-23,"Commercial","Commercial Turkey Meat Bird","Turkey","MI Muskegon 01",2022-05-09,2022-05-10,"00LXV9Y",-85.9346,43.25013,"26","26121","Muskegon County"
255,"","MISS","Non","IND","MI","Oakland 01","PB2 PB1 PA NP","B1.2","","","",2022-05-19,"Backyard","Backyard Producer","OIE NP","MI Oakland 01",2022-05-04,2022-05-06,"00Q7B17",-83.31313,42.81386,"26","26125","Oakland County"
256,"","MISS","Non","IND","MI","Saginaw 01","PB2 PB1 PA NP","B1.2","","","",2022-05-09,"Backyard","Backyard Producer","OIE NP","MI Saginaw 01",2022-04-26,2022-04-27,"00RBVQE",-84.19247,43.39958,"26","26145","Saginaw County"
257,"","MISS","Non","IND","MI","Sanilac 01","PB2 PB1 PA NP","B1.3","","","",2023-01-29,"Backyard","WOAH Non-Poultry","Duck","MI Sanilac 01",2022-12-22,2022-12-30,"00RT842",-83.08844,43.63239,"26","26151","Sanilac County"
258,"","MISS","Poultry","IND","MI","Tuscola 01","PB2 PB1 PA NP","B1.2","","","",2022-11-13,"Backyard","Backyard Producer","Chicken","MI Tuscola 01",2022-09-29,2022-10-03,"00RP0PU",-83.47625,43.6451,"26","26157","Tuscola County"
259,"","MISS","Poultry","IND","MI","Wexford 01","PB2 PB1 PA NP","B1.2","","","",2022-05-09,"Backyard","Backyard Producer","Chicken","MI Wexford 01",2022-04-27,2022-04-28,"00RC2ML",-85.55944,44.25834,"26","26165","Wexford County"
260,"","MISS","Non","IND","MN","Anoka 01","PB2 PB1 NP NS","B3.2","","","",2022-05-19,"Backyard","Backyard Producer","OIE NP","MN Anoka 01",2022-05-04,2022-05-06,"00RCXRV",-93.35091,45.31974,"27","27003","Anoka County"
261,"","MISS","Poultry","IND","MN","Becker 01","PB2 NP","B2.1","","","",2022-04-11,"Commercial","Commercial Turkey Meat Bird","Turkey","MN Becker 01",2022-04-03,2022-04-03,"005B452",-95.93032,46.80443,"27","27005","Becker County"
262,"","MISS","Non","IND","MN","Becker 02","PB2 NP","B2.1","","","",2022-06-13,"Backyard","Backyard Producer","OIE NP","MN Becker 02",2022-05-27,2022-05-31,"00RFGA4",-95.83683,46.7569,"27","27005","Becker County"
263,"","MISS","Poultry","IND","MN","Becker 03","PB2 PB1 PA NP","B1.3","","","",2022-09-19,"Commercial","Commercial Turkey Breeder Hens","Turkey","MN Becker 03",2022-09-07,2022-09-09,"00PWTRQ",-95.74237,46.74209,"27","27005","Becker County"
264,"","MISS","Non","IND","MN","Benton 01","PB2 PB1 NP NS","B3.2","","","",2022-04-25,"Backyard","Backyard Producer","OIE NP","MN Benton 01",2022-04-09,2022-04-12,"0062DV5",-94.17554,45.64666,"27","27009","Benton County"
265,"","MISS","Non","IND","MN","Benton 02","PB2 NP","B2.2","","","",2023-04-25,"Backyard","WOAH Non-Poultry","Goose","MN Benton 02",2022-04-11,2022-04-13,"00R9Z9B",-94.11018,45.62871,"27","27009","Benton County"
266,"","MISS","Poultry","IND","MN","Big Stone 01","PB2 NP","B3.1","","","",2022-04-19,"Commercial","Commercial Turkey Meat Bird","Turkey","MN Big Stone 01",2022-04-04,2022-04-05,"00K8LRY",-96.47254,45.52905,"27","27011","Big Stone County"
267,"e","MISS","Poultry","IND","MN","Blue Earth 01","PB2 NP","B3.1","","","epi links per state",2022-04-25,"Commercial","Commercial Turkey Meat Bird","Turkey","MN Blue Earth 01",2022-04-11,2022-04-13,"00LDY0F",-93.86469,43.94611,"27","27013","Blue Earth County"
268,"e","MISS","Poultry","CSLT","MN","Blue Earth 02","PB2 NP","B3.1","","","epi links per state",2022-04-25,"Commercial","Commercial Turkey Meat Bird","Turkey","MN Blue Earth 02",2022-04-13,2022-04-14,"00Q1560",-93.85853,43.95211,"27","27013","Blue Earth County"
269,"","MISS","Poultry","IND","MN","Brown 01","PB2 PB1 NP NS","B3.2","","ad","",2022-09-26,"Commercial","Commercial Turkey Meat Bird","Turkey","MN Brown 01",2022-09-11,2022-09-13,"0058LUD",-94.50938,44.16877,"27","27015","Brown County"
270,"","MISS","Poultry","INR","MN","Brown 02","PB2 PB1 NP NS","B3.2","","ad","No epi links identified, but there was a likely wild bird common source in a field between the two",2022-10-05,"Commercial","Commercial Turkey Meat Bird","Turkey","MN Brown 02",2022-09-16,2022-09-20,"00R5DSH",-94.47513,44.16074,"27","27015","Brown County"
271,"","MISS","Non","IND","MN","Carver 01","PB2 NP","B2.1","","","",2022-05-09,"Backyard","Backyard Producer","OIE NP","MN Carver 01",2022-04-26,2022-04-28,"00RC0W9",-93.8908,44.89212,"27","27019","Carver County"
272,"","MISS","Non","IND","MN","Carver 02","PB2 NP","B2.1","","","",2022-05-19,"Backyard","Backyard Producer","OIE NP","MN Carver 02",2022-05-03,2022-05-04,"00RCP9T",-93.84741,44.83771,"27","27019","Carver County"
273,"","MISS","Non","IND","MN","Chisago 01","PB2 NP","B2.1","","","",2022-05-09,"Backyard","Backyard Producer","OIE NP","MN Chisago 01",2022-04-29,2022-04-30,"00RCCJQ",-92.77712,45.34543,"27","27025","Chisago County"
274,"","MISS","Non","IND","MN","Chisago 02","PB2 NP","B3.1","","","",2022-05-09,"Backyard","Backyard Producer","OIE NP","MN Chisago 02",2022-04-29,2022-04-30,"00RCH5Y",-92.99547,45.43792,"27","27025","Chisago County"
275,"","MISS","Non","IND","MN","Chisago 03","PB2 NP","B2.1","","","",2022-05-19,"Backyard","Backyard Producer","OIE NP","MN Chisago 03",2022-04-30,2022-05-03,"00RCMKJ",-93.00211,45.71071,"27","27025","Chisago County"
276,"","MISS","Poultry","IND","MN","Chisago 04","PB2 NP","B2.1","","","",2022-05-23,"Backyard","Backyard Producer","Poultry","MN Chisago 04",2022-05-10,2022-05-11,"00RDG5U",-92.70026,45.41643,"27","27025","Chisago County"
277,"","MISS","Non","IND","MN","Chisago 05","PB2 NP","B2.1","","","",2022-05-23,"Backyard","Backyard Producer","OIE NP","MN Chisago 05",2022-05-10,2022-05-12,"00RDHY3",-92.96037,45.47141,"27","27025","Chisago County"
278,"","MISS","Non","IND","MN","Clay 01","PB2 PB1 NP NS","B3.2","","","",2022-05-31,"Backyard","Backyard Producer","OIE NP","MN Clay 01",2022-05-14,2022-05-18,"00RE3HB",-96.43887,46.7504,"27","27027","Clay County"
279,"","MISS","Poultry","IND","MN","Crow Wing 01","PB2 PB1 NP NS","B3.2","","","",2022-05-23,"Backyard","Backyard Producer","Poultry","MN Crow Wing 01",2022-05-08,2022-05-10,"00RDF5Y",-94.2458,46.20281,"27","27035","Crow Wing County"
280,"","MISS","Poultry","IND","MN","Dakota 01","PB2 PB1 NP NS","B3.2","","","",2022-05-31,"Commercial","Commercial Turkey Meat Bird","Turkey","MN Dakota 01",2022-05-19,2022-05-21,"00LEA4L",-93.14553,44.50151,"27","27037","Dakota County"
281,"","MISS","Poultry","IND","MN","Dodge 01","None","A1","","","",2022-04-11,"Commercial","Commercial Turkey Meat Bird","Turkey","MN Dodge 01",2022-04-03,2022-04-03,"00LE3CZ",-92.915,44.00788,"27","27039","Dodge County"
282,"","MISS","Poultry","IND","MN","Dodge 02","PB2 NP","B2.1","","","",2022-12-20,"Commercial","Commercial Turkey Meat Bird","Turkey","MN Dodge 02",2022-12-06,2022-12-08,"00MCN86",-92.90629,44.01572,"27","27039","Dodge County"
283,"ai","MISS","Non","IND","MN","Freeborn 01","PB2 PB1 PA NP","B1.2","","","",2022-09-26,"Backyard","Backyard Producer","OIE NP","MN Freeborn 01",2022-09-09,2022-09-13,"00RMPQM",-93.27822,43.76771,"27","27047","Freeborn County"
284,"ai","MISS","Non","CSLT","MN","Goodhue 01","PB2 PB1 PA NP","B1.2","","","",2022-10-17,"Backyard","Backyard Producer","OIE NP","MN Goodhue 01",2022-09-25,2022-09-27,"00RNRJM",-92.90067,44.26853,"27","27049","Goodhue County"
285,"","MISS","Non","IND","MN","Grant 01","PB2 NP","B2.1","","","",2022-05-23,"Backyard","Backyard Producer","OIE NP","MN Grant 01",2022-05-10,2022-05-12,"00RDHQJ",-95.97466,45.90579,"27","27051","Grant County"
286,"","MISS","Non","IND","MN","Hennepin 01","PB2 PB1 PA NP","B1.3","","","",2022-09-12,"Backyard","Backyard Producer","OIE NP","MN Hennepin 01",2022-08-30,2022-09-01,"00RM5FH",-93.71674,45.02972,"27","27053","Hennepin County"
287,"","MISS","Non","IND","MN","Itasca 01","PB2 PB1 PA NP","B1.3","","","E627K present in both",2022-11-13,"Backyard","Backyard Producer","OIE NP","MN Itasca 01",2022-10-20,2022-10-21,"00RQA98",-93.42758,47.20638,"27","27061","Itasca County"
288,"","MISS","Poultry","IND","MN","Kandiyohi 01","PB2 NP","B2.1","","","",2022-04-11,"Commercial","Commercial Turkey Meat Bird","Turkey","MN Kandiyohi 01",2022-03-28,2022-03-29,"00LCQ74",-94.99235,45.03779,"27","27067","Kandiyohi County"
289,"f","MISS","Poultry","IND","MN","Kandiyohi 02","PB2 NP","B2.1","","","",2022-04-11,"Commercial","Commercial Turkey Meat Bird","Turkey","MN Kandiyohi 02",2022-04-02,2022-04-03,"00LCRAT",-94.99213,45.01414,"27","27067","Kandiyohi County"
290,"","MISS","Poultry","INR","MN","Kandiyohi 03","PB2 NP","B2.1","","","are across the highway from each other and really are likely a simultaneous introduction (simultaneous in timing) so likely look the same for that reason as it is likely a shared point source.  One is a lay farm and the other is a grow farm and people and equipment etc so we have not linked them that way, just due to timing.",2022-04-11,"Commercial","Commercial Turkey Breeder Hens","Turkey","MN Kandiyohi 03",2022-04-03,2022-04-03,"00LD2KV",-95.19828,45.15338,"27","27067","Kandiyohi County"
291,"","MISS","Poultry","INR","MN","Kandiyohi 04","PB2 NP","B2.1","","","are across the highway from each other and really are likely a simultaneous introduction (simultaneous in timing) so likely look the same for that reason as it is likely a shared point source.  One is a lay farm and the other is a grow farm and people and equipment etc so we have not linked them that way, just due to timing.",2022-04-19,"Commercial","Commercial Turkey Breeder Hens","Turkey","MN Kandiyohi 04",2022-04-03,2022-04-04,"00LD4XY",-95.2037,45.15419,"27","27067","Kandiyohi County"
292,"","MISS","Poultry","IND","MN","Kandiyohi 05","PB2 NP","B2.1","","","",2022-04-19,"Commercial","Commercial Turkey Breeder Hens","Turkey","MN Kandiyohi 05",2022-04-05,2022-04-07,"00LD2PL",-95.23698,45.16264,"27","27067","Kandiyohi County"
293,"f","MISS","Poultry","CSLT","MN","Kandiyohi 06","PB2 NP","B2.1","","","high similarity to Swift 02, Kandi 02,07,08 - introductions with in days of one another - block of shared snps AND 06-07-08 share a common SNP",2022-04-25,"Commercial","Commercial Turkey Meat Bird","Turkey","MN Kandiyohi 06",2022-04-09,2022-04-12,"00LE8VE",-94.98468,45.01227,"27","27067","Kandiyohi County"
294,"f","MISS","Poultry","CSLT","MN","Kandiyohi 07","PB2 NP","B2.1","","","high similarity to Swift 02, Kandi 02,06,08 - introductions with in days of one another - block of shared snps AND 06-07-08 share a common SNP",2022-05-02,"Commercial","Commercial Turkey Meat Bird","Turkey","MN Kandiyohi 07",2022-04-14,2022-04-19,"00LCW4N",-94.99218,45.02059,"27","27067","Kandiyohi County"
295,"f","MISS","Poultry","CSLT","MN","Kandiyohi 08","PB2 NP","B2.1","","","high similarity to Swift 02, Kandi 02,06,07 - introductions with in days of one another - block of shared snps AND 06-07-08 share a common SNP",2022-05-02,"Commercial","Commercial Turkey Meat Bird","Turkey","MN Kandiyohi 08",2022-04-15,2022-04-19,"00LE8NU",-94.99225,45.03031,"27","27067","Kandiyohi County"
296,"","MISS","Poultry","IND","MN","Kandiyohi 09","PB2 PB1 NP NS","B3.2","","","IWBI – PB2, PB1, NP, NS reassortment, so not even the same reassortment as the other Kandi’s; highest biosecurity of any farm in company",2022-05-31,"Commercial","Commercial Turkey Breeder Toms","Turkey","MN Kandiyohi 09",2022-05-17,2022-05-18,"00LD33Q",-95.14476,45.0728,"27","27067","Kandiyohi County"
297,"","MISS","Poultry","IND","MN","Lac Qui Parle 01","PB2 NP","B2.1","","","",2022-04-11,"Commercial","Commercial Turkey Meat Bird","Turkey","MN Lac Qui Parle 01",2022-03-28,2022-03-29,"00LBZ7D",-96.35277,44.8779,"27","27073","Lac qui Parle County"
298,"","MISS","Poultry","IND","MN","Le Sueur 03","PB2 PB1 NP NS","B3.2","","","",2022-11-13,"Commercial","Commercial Turkey Meat Bird","Turkey","MN Le Sueur 03",2022-10-25,2022-10-27,"00LCZ0J",-93.75385,44.31163,"27","27079","Le Sueur County"
299,"g","MISS","Poultry","IND","MN","LeSueur 01","PB2 NP","B2.1","","","epi links per state",2022-04-11,"Commercial","Commercial Turkey Meat Bird","Turkey","MN Le Sueur 01",2022-04-02,2022-04-03,"00LF5PU",-93.77353,44.34257,"27","27079","Le Sueur County"
300,"g","MISS","Poultry","CSLT","MN","LeSueur 02","PB2 NP","B2.1","","","epi links per state",2022-04-19,"Commercial","Commercial Turkey Meat Bird","Turkey","MN Le Sueur 02",2022-04-07,2022-04-09,"00RB24U",-93.77144,44.34342,"27","27079","Le Sueur County"
301,"","MISS","Poultry","IND","MN","Le Sueur 04","PB2 PB1 NP","Minor31","","","",2023-04-18,"Backyard","WOAH Non-Poultry","Chicken","MN Le Sueur 04",2023-03-31,2023-04-03,"00RZNQT",-93.92929,44.36134,"27","27079","Le Sueur County"
302,"","PAC","Non","IND","ID","Valley 01","PB2 NP","B4.1","","","",2022-11-13,"Backyard","Backyard Producer","OIE NP","ID Valley 01",2022-10-19,2022-10-20,"00RPNZP",NA,NA,"16",NA,NA
303,"","MISS","Poultry","IND","MN","Lyon 01","PB2 NP","B2.1","","","",2022-05-19,"Commercial","Commercial Turkey Meat Bird","Turkey","MN Lyon 01",2022-05-01,2022-05-03,"00LE8Z6",-95.91851,44.53388,"27","27083","Lyon County"
304,"","MISS","Poultry","IND","MN","Meeker 01","PB2 NP","B2.1","","","",2022-04-04,"Commercial","Commercial Turkey Meat Bird","Turkey","MN Meeker 01",2022-03-25,2022-03-25,"00LCMLR",-94.6717,45.23844,"27","27093","Meeker County"
305,"","MISS","Poultry","IND","MN","Meeker 02","PB2 NP","B2.1","","","",2022-04-19,"Commercial","Commercial Turkey Meat Bird","Turkey","MN Meeker 02",2022-04-04,2022-04-05,"00LE3HP",-94.38436,45.20019,"27","27093","Meeker County"
306,"","MISS","Poultry","IND","MN","Meeker 03","PB2 NP","B2.1","","","",2022-04-25,"Commercial","Commercial Turkey Meat Bird","Turkey","MN Meeker 03",2022-04-12,2022-04-14,"00LDMZS",-94.39219,45.20206,"27","27093","Meeker County"
307,"","MISS","Poultry","IND","MN","Meeker 04","PB2 NP","B2.1","","","",2022-05-02,"Commercial","Commercial Turkey Meat Bird","Turkey","MN Meeker 04",2022-04-15,2022-04-19,"00HUWA5",-94.73719,45.19696,"27","27093","Meeker County"
308,"","MISS","Poultry","IND","MN","Meeker 05","PB2 PB1 PA NP","B1.3","","","",2022-09-06,"Commercial","Commercial Turkey Meat Bird","Turkey","MN Meeker 05",2022-08-28,2022-08-30,"00HTED9",-94.75669,45.1373,"27","27093","Meeker County"
309,"z","MISS","Poultry","IND","MN","Meeker 06","PB2 PB1 NP NS","B3.2","p04","","",2022-09-06,"Commercial","Commercial Turkey Meat Bird","Turkey","MN Meeker 06",NA,2022-08-30,"00HUWA5",-94.73719,45.19696,"27","27093","Meeker County"
310,"z","MISS","Poultry","CSLT","MN","Meeker 07","PB2 PB1 NP NS","B3.2","","","Epi indicates very close proximity (can see 07 from 06), a lot of insect activity, and the first barn positive on 07 is closest to 06.",2022-09-19,"Commercial","Commercial Turkey Meat Bird","Turkey","MN Meeker 07",2022-09-03,2022-09-08,"00LD588",-94.73294,45.2084,"27","27093","Meeker County"
311,"","MISS","Poultry","IND","MN","Meeker 08","PB2 PB1 PA NP","B1.3","","","",2022-09-26,"Commercial","Commercial Turkey Meat Bird","Turkey","MN Meeker 08",2022-09-10,2022-09-14,"00LDTQK",-94.52635,45.25746,"27","27093","Meeker County"
312,"","MISS","Poultry","IND","MN","Morrison 01","PB2 NP","B2.1","","","",2022-04-11,"Commercial","Commercial Turkey Meat Bird","Turkey","MN Morrison 01",2022-03-31,2022-03-31,"00LRTY1",-94.17944,45.94018,"27","27097","Morrison County"
313,"j","MISS","Poultry","IND","MN","Morrison 02","PB2 PB1 NP NS","B3.2","","","",2022-04-19,"Commercial","Commercial Turkey Meat Bird","Turkey","MN Morrison 02",2022-04-03,2022-04-04,"00LDTD9",-94.54938,45.9773,"27","27097","Morrison County"
314,"h","MISS","Poultry","IND","MN","Morrison 03","PB2 NP","B2.1","","","epi links per state",2022-04-19,"Commercial","Commercial Turkey Meat Bird","Turkey","MN Morrison 03",2022-04-04,2022-04-05,"00LC0JE",-94.63204,45.94143,"27","27097","Morrison County"
315,"","MISS","Poultry","IND","MN","Morrison 04","PB2 NP","B2.1","","","",2022-04-19,"Commercial","Commercial Turkey Meat Bird","Turkey","MN Morrison 04",2022-04-04,2022-04-05,"00PF0GE",-94.56492,45.96182,"27","27097","Morrison County"
316,"h","MISS","Poultry","CSLT","MN","Morrison 05","PB2 NP","B2.1","","","epi links per state",2022-04-25,"Commercial","Commercial Turkey Meat Bird","Turkey","MN Morrison 05",2022-04-09,2022-04-12,"00R9THL",-94.64111,45.90408,"27","27097","Morrison County"
317,"","MISS","Poultry","IND","MN","Morrison 06","PB2 NP","B2.1","","","",2022-04-25,"Commercial","Commercial Broiler Production","Chicken","MN Morrison 06",2022-04-10,2022-04-12,"00LDNCX",-93.99472,45.95103,"27","27097","Morrison County"
318,"j","MISS","Poultry","CSLT","MN","Morrison 07","PB2 PB1 NP NS","B3.2","","","",2022-04-25,"Commercial","Commercial Table Egg Layer","Chicken","MN Morrison 07",2022-04-10,2022-04-12,"00CJFSM",-94.58242,45.99632,"27","27097","Morrison County"
319,"j","MISS","Poultry","CSLT","MN","Morrison 08","PB2 PB1 NP NS","B3.2","","","",2022-05-02,"Commercial","Commercial Turkey Meat Bird","Turkey","MN Morrison 08",2022-04-15,2022-04-19,"00LE3GR",-94.59751,45.99946,"27","27097","Morrison County"
320,"j","MISS","Poultry","CSLT","MN","Morrison 09","PB2 PB1 NP NS","B3.2","","","",2022-05-02,"Commercial","Commercial Turkey Meat Bird","Turkey","MN Morrison 09",2022-04-15,2022-04-19,"00RANPL",-94.5556,45.99218,"27","27097","Morrison County"
321,"j","MISS","Poultry","CSLT","MN","Morrison 10","PB2 PB1 NP NS","B3.2","","","",2022-05-02,"Commercial","Commercial Turkey Meat Bird","Turkey","MN Morrison 10",2022-04-17,2022-04-19,"00LE4DT",-94.61386,45.96193,"27","27097","Morrison County"
322,"j","MISS","Poultry","CSLT","MN","Morrison 11","PB2 PB1 NP NS","B3.2","","","",2022-05-02,"Commercial","Commercial Turkey Meat Bird","Turkey","MN Morrison 11",2022-04-19,2022-04-21,"00LE0G4",-94.54077,46.10757,"27","27097","Morrison County"
323,"","MISS","Non","IND","MN","Morrison 12","PB2 PB1 NP NS","B3.2","","","",2022-05-09,"Backyard","Backyard Producer","OIE NP","MN Morrison 12",2022-04-29,2022-04-30,"00RCCLM",-94.34689,45.89836,"27","27097","Morrison County"
324,"","MISS","Poultry","IND","MN","Morrison 13","PB2 PB1 PA NP","B1.3","","","",2022-09-19,"Commercial","Commercial Turkey Meat Bird","Turkey","MN Morrison 13",2022-09-06,2022-09-07,"00LDSWA",-94.11267,45.90952,"27","27097","Morrison County"
325,"","MISS","Non","IND","MN","Mower 01","PB2 NP","B2.1","","","",2022-04-04,"Backyard","Backyard Producer","OIE NP","MN Mower 01",2022-03-25,2022-03-25,"00R80G1",-92.92168,43.67386,"27","27099","Mower County"
326,"","MISS","Poultry","IND","MN","Otter Tail 01","PB2 NP","B2.1","","","",2022-04-19,"Commercial","Commercial Turkey Meat Bird","Turkey","MN Otter Tail 01",2022-04-07,2022-04-08,"00P9PRA",-95.49191,46.45821,"27","27111","Otter Tail County"
327,"","MISS","Poultry","IND","MN","Otter Tail 02","PB2 PB1 NP","B3.2","","","",2022-04-25,"Commercial","Commercial Turkey Meat Bird","Turkey","MN Otter Tail 02",2022-04-12,2022-04-13,"00LFM9R",-96.16234,46.52151,"27","27111","Otter Tail County"
328,"","MISS","Poultry","IND","MN","Otter tail 03","PB2 NP","B2.1","","","",2022-05-02,"Commercial","Commercial Turkey Meat Bird","Turkey","MN Otter tail 03",2022-04-16,2022-04-19,"00P9PA7",-95.4227,46.53366,"27","27111","Otter Tail County"
329,"","MISS","Poultry","IND","MN","Otter Tail 04","PB2 NP","B2.1","","","",2022-05-02,"Commercial","Commercial Turkey Meat Bird","Turkey","MN Otter Tail 04",2022-04-20,2022-04-22,"00RBBWA",-95.93094,46.26953,"27","27111","Otter Tail County"
330,"","MISS","Poultry","IND","MN","Otter Tail 05","PB2 PB1 PA NP","B1.3","","","",2022-09-26,"Commercial","Commercial Turkey Breeder Hens","Turkey","MN Otter Tail 05",2022-09-12,2022-09-14,"00LMUH0",-95.77015,46.6351,"27","27111","Otter Tail County"
331,"","MISS","Poultry","IND","MN","Otter Tail 06","PB2 PB1 PA NP","B1.3","","","",2022-10-05,"Commercial","Commercial Turkey Meat Bird","Turkey","MN Otter Tail 06",2022-09-19,2022-09-21,"00LEAV4",-95.36414,46.22134,"27","27111","Otter Tail County"
332,"","MISS","Poultry","IND","MN","Otter Tail 07","PB2 PB1 NP NS","B3.2","p04","","",2022-12-05,"Commercial","Commercial Turkey Meat Bird","Turkey","MN Otter Tail 07",2022-11-13,2022-11-15,"00RBBWA",-95.93094,46.26953,"27","27111","Otter Tail County"
333,"","MISS","Non","IND","MN","Polk 01","PB2 PB1 NP NS","B1.1","","","",2022-05-31,"Backyard","Backyard Producer","OIE NP","MN Polk 01",2022-05-18,2022-05-20,"00REL52",-95.75363,47.72425,"27","27119","Polk County"
334,"","MISS","Non","IND","MN","Pope 01","PB2 PB1 NP NS","B3.2","","","",2022-11-13,"Backyard","Backyard Producer","OIE NP","MN Pope 01",2022-10-05,2022-10-07,"00RPBBC",-95.59774,45.72268,"27","27121","Pope County"
335,"","MISS","Non","IND","MN","Redwood 01","PB2 NP NS","B2.2","","","",2023-01-10,"Backyard","WOAH Non-Poultry","Chicken","MN Redwood 01",2022-12-09,2022-12-14,"00RST32",-95.02782,44.34687,"27","27127","Redwood County"
336,"","MISS","Poultry","IND","MN","Renville 01","PB2 NP","B2.1","","","",2022-04-19,"Commercial","Commercial Turkey Meat Bird","Turkey","MN Renville 01",2022-04-06,2022-04-08,"00R9H5L",-95.07531,44.63871,"27","27129","Renville County"
337,"","MISS","Non","IND","MN","Rice 01","PB2 NP","B2.1","","","",2022-05-09,"Backyard","Backyard Producer","OIE NP","MN Rice 01",2022-04-22,2022-04-25,"00RBFKK",-93.1743,44.25172,"27","27131","Rice County"
338,"","MISS","Poultry","IND","MN","Roseau 01","PB2 PB1 PA NP","B1.3","","","",2022-10-05,"Commercial","Commercial Turkey Meat Bird","Turkey","MN Roseau 01",2022-09-20,2022-09-21,"00LD772",-96.14288,48.69096,"27","27135","Roseau County"
339,"","MISS","Poultry","IND","MN","Stearns 01","PB2 NP","B2.1","","","",2022-04-04,"Commercial","Commercial Turkey Meat Bird","Turkey","MN Stearns 01",2022-03-26,2022-03-26,"004I9FV",-94.4462,45.48908,"27","27145","Stearns County"
340,"","MISS","Non","IND","MN","Stearns 02","PB2 NP","B2.1","","","",2022-04-11,"Backyard","Backyard Producer","OIE NP","MN Stearns 02",2022-03-30,2022-03-31,"0053AWN",-94.41617,45.44342,"27","27145","Stearns County"
341,"","MISS","Poultry","IND","MN","Stearns 03","PB2 NP","B2.1","","","",2022-04-11,"Commercial","Commercial Turkey Meat Bird","Turkey","MN Stearns 03",2022-04-01,2022-04-02,"00LC01D",-94.89652,45.66566,"27","27145","Stearns County"
342,"","MISS","Poultry","IND","MN","Stearns 04","PB2 NP","B2.1","","","",2022-04-19,"Commercial","Commercial Turkey Meat Bird","Turkey","MN Stearns 04",2022-04-04,2022-04-05,"00LBW4T",-94.75626,45.59542,"27","27145","Stearns County"
343,"","MISS","Poultry","IND","MN","Stearns 05","PB2 NP","B3.1","","","",2022-04-19,"Commercial","Commercial Turkey Meat Bird","Turkey","MN Stearns 05",2022-04-07,2022-04-09,"0050UB7",-94.8954,45.67247,"27","27145","Stearns County"
344,"n","MISS","Poultry","IND","MN","Stearns 06","PB2 NP","B2.1","","","",2022-05-02,"Commercial","Commercial Turkey Meat Bird","Turkey","MN Stearns 06",2022-04-17,2022-04-19,"006DNIG",-94.9644,45.44393,"27","27145","Stearns County"
345,"","MISS","Poultry","IND","MN","Stearns 07","PB2 PB1 NP NS","B3.2","","j","no epi identified - geographically separated -  own set of mixed snps",2022-05-02,"Commercial","Commercial Turkey Meat Bird","Turkey","MN Stearns 07",2022-04-18,2022-04-20,"00LBZ0R",-94.86037,45.67913,"27","27145","Stearns County"
346,"n","MISS","Poultry","CSLT","MN","Stearns 08","PB2 NP","B2.1","","","",2022-05-09,"Commercial","Commercial Turkey Meat Bird","Turkey","MN Stearns 08",2022-04-22,2022-04-25,"006DP15",-94.98087,45.44797,"27","27145","Stearns County"
347,"","MISS","Poultry","IND","MN","Stearns 09","PB2 NP","B3.1","","","",2022-05-09,"Commercial","Commercial Turkey Breeder Hens","Turkey","MN Stearns 09",2022-04-27,2022-04-29,"00LC00F",-94.90116,45.48536,"27","27145","Stearns County"
348,"ac","MISS","Poultry","IND","MN","Stearns 10","PB2 PB1 PA NP","B1.3","","","",2022-09-26,"Commercial","Commercial Turkey Meat Bird","Turkey","MN Stearns 10",2022-09-09,2022-09-13,"0055FQ0",-95.00704,45.47186,"27","27145","Stearns County"
349,"ac","MISS","Poultry","CSLT","MN","Stearns 11","PB2 PB1 PA NP","B1.3","p06","","",2022-10-05,"Commercial","Commercial Turkey Meat Bird","Turkey","MN Stearns 11",2022-09-17,2022-09-20,"006DNIG",-94.9644,45.44393,"27","27145","Stearns County"
350,"","MISS","Poultry","IND","MN","Stearns 12","PB2 PB1 PA NP","B1.3","","","",2022-11-13,"Commercial","Commercial Turkey Meat Bird","Turkey","MN Stearns 12",2022-10-26,2022-10-27,"00JR3HR",-94.7624,45.65336,"27","27145","Stearns County"
351,"","MISS","Poultry","IND","MN","Stearns 13","PB2 PB1 PA NP","B1.3","","","",2022-11-28,"Commercial","Commercial Turkey Meat Bird","Turkey","MN Stearns 13",2022-10-30,2022-11-01,"00NMUVJ",-94.7479,45.52444,"27","27145","Stearns County"
352,"","MISS","Poultry","IND","MN","Swift 01","PB2 NP","B2.1","","","",2022-04-19,"Commercial","Commercial Turkey Meat Bird","Turkey","MN Swift 01",2022-04-07,2022-04-09,"00LCZQ4",-95.88376,45.21003,"27","27151","Swift County"
353,"f","MISS","Poultry","CSLT","MN","Swift 02","PB2 NP","B2.1","","","high similarity to Kandi 02,06,07,08 - introductions with in days of one another - block of shared snps but other differences present",2022-05-02,"Commercial","Commercial Turkey Meat Bird","Turkey","MN Swift 02",2022-04-16,2022-04-19,"00LCZ67",-95.2468,45.16685,"27","27151","Swift County"
354,"","MISS","Poultry","IND","MN","Swift 03","PB2 PB1 NP NS","B3.2","","","",2022-05-02,"Commercial","Commercial Turkey Meat Bird","Turkey","MN Swift 03",2022-04-20,2022-04-22,"00LCZDU",-95.78827,45.35579,"27","27151","Swift County"
355,"","MISS","Non","IND","MN","Swift 04","PB2 NP","B2.1","","","",2022-05-09,"Backyard","Backyard Producer","OIE NP","MN Swift 04",2022-04-26,2022-04-28,"00RC3JN",-95.53845,45.32531,"27","27151","Swift County"
356,"","MISS","Poultry","IND","MN","Swift 05","PB2 PB1 NP NS","B3.2","","","",2022-11-13,"Commercial","Commercial Turkey Meat Bird","Turkey","MN Swift 05",2022-10-23,2022-10-25,"00L9XP0",-95.40826,45.39497,"27","27151","Swift County"
357,"","MISS","Poultry","IND","MN","Swift 06","PB2 PB1 PA NP","B1.3","","","",2022-11-13,"Commercial","Commercial Turkey Meat Bird","Turkey","MN Swift 06",2022-10-27,2022-10-31,"00L9Y42",-95.45857,45.40637,"27","27151","Swift County"
358,"j","MISS","Poultry","CSLT","MN","Todd 02","PB2 PB1 NP NS","B3.2","","","",2022-05-02,"Commercial","Commercial Turkey Meat Bird","Turkey","MN Todd 02",2022-04-18,2022-04-20,"00RB201",-94.66112,45.90252,"27","27153","Todd County"
359,"j","MISS","Poultry","CSLT","MN","Todd 04","PB2 PB1 NP NS","B3.2","","","",2022-05-02,"Commercial","Commercial Turkey Meat Bird","Turkey","MN Todd 04",2022-04-19,2022-04-21,"00RB40U",-94.66213,45.91538,"27","27153","Todd County"
360,"j","MISS","Poultry","CSLT","MN","Todd 05","PB2 PB1 NP NS","B3.2","","","",2022-05-02,"Commercial","Commercial Turkey Meat Bird","Turkey","MN Todd 05",2022-04-19,2022-04-21,"00LEEUP",-94.65993,45.90473,"27","27153","Todd County"
361,"","MISS","Non","IND","MN","Todd 06","PB2 PB1 NP NS","B3.2","","","",2022-05-23,"Backyard","Backyard Producer","OIE NP","MN Todd 06",2022-05-08,2022-05-10,"005S5ZM",-94.96895,45.8325,"27","27153","Todd County"
362,"","MISS","Non","IND","MN","Todd 07","PB2 PB1 PA NP","B1.3","","","",2022-10-05,"Backyard","Backyard Producer","OIE NP","MN Todd 07",2022-09-20,2022-09-22,"00RNF7K",-94.68204,46.28245,"27","27153","Todd County"
363,"","MISS","Poultry","IND","MN","Todd 08","PB2 PB1 PA NP","B1.3","","","",2022-12-05,"Commercial","Commercial Turkey Meat Bird","Turkey","MN Todd 08",2022-11-20,2022-11-23,"00LE4ER",-94.70566,45.88529,"27","27153","Todd County"
364,"","MISS","Poultry","IND","MN","Wadena 01","PB2 PB1 NP NS","B3.2","","","",2023-01-10,"Commercial","Commercial Turkey Meat Bird","Turkey","MN Wadena 01",2022-12-07,2022-12-12,"00LDNYQ",-95.05349,46.80448,"27","27159","Wadena County"
365,"","MISS","Poultry","IND","MN","Waseca 01","2 viruses: None and PB2 NP","A1, B2.1","","","",2022-04-19,"Commercial","Commercial Turkey Meat Bird","Turkey","MN Waseca 01",2022-04-04,2022-04-05,"00MHGQU",-93.52686,43.94643,"27","27161","Waseca County"
366,"i","MISS","Poultry","IND","MN","Waseca 02","PB2 PB1 NP NS","B3.2","","","",2022-04-19,"Commercial","Commercial Turkey Meat Bird","Turkey","MN Waseca 02",2022-04-05,2022-04-06,"00R8JYZ",-93.52625,43.94641,"27","27161","Waseca County"
367,"i","MISS","Poultry","CSLT","MN","Waseca 03","PB2 PB1 NP NS","B3.2","","","",2022-04-25,"Commercial","Commercial Turkey Meat Bird","Turkey","MN Waseca 03",2022-04-11,2022-04-13,"00R9Y1V",-93.65694,44.00775,"27","27161","Waseca County"
368,"","MISS","Poultry","IND","MN","Yellow Medicine 01","PB2 NP","B2.1","","","geo proximity virus differs",2022-04-25,"Commercial","Commercial Turkey Meat Bird","Turkey","MN Yellow Medicine 01",2022-04-09,2022-04-12,"00LCUG5",-95.80869,44.7623,"27","27173","Yellow Medicine County"
369,"","MISS","Poultry","IND","MN","Yellow Medicine 02","PB2 NP","B2.1","","","geo proximity virus differs",2022-05-02,"Commercial","Commercial Turkey Meat Bird","Turkey","MN Yellow Medicine 02",2022-04-20,2022-04-22,"00LDR7R",-95.80882,44.75444,"27","27173","Yellow Medicine County"
370,"","MISS","Non","IND","MO","Bates 01","None","A1","","","",2022-03-13,"Backyard","Backyard Producer","OIE NP","MO Bates 01",2022-03-04,2022-03-04,"00R5ESD",-94.289,38.38472,"29","29013","Bates County"
371,"","MISS","Non","IND","MO","Bates 02","PB2 PB1 NP NS","B3.2","","","",2023-01-10,"Backyard","WOAH Non-Poultry","Poultry","MO Bates 02",2022-12-20,2022-12-21,"00RT5ET",-94.54205,38.11628,"29","29013","Bates County"
372,"","MISS","Non","IND","MO","Carroll-01","PB2 PB1 NP NS","B3.2","","","",2023-03-03,"BYF-CHICKEN","Backyard","WOAH Non-Poultry","MO Carroll 01",2023-02-10,2023-02-13,"00RVM1A",-93.29724,39.37616,"29","29033","Carroll County"
373,"","MISS","Poultry","IND","MO","Dade 01","None","A1","","","",2022-04-19,"Commercial","Commercial Turkey Meat Bird","Turkey","MO Dade 01",2022-04-05,2022-04-06,"00R52DL",-93.68287,37.28667,"29","29057","Dade County"
374,"","MISS","Non","IND","MO","Dade 02","PB2 NP NS","B2.2","","","",2022-12-20,"Backyard","WOAH Non-Poultry","Chicken","MO Dade 02",2022-12-07,2022-12-08,"00RSKXD",-93.70923,37.31715,"29","29057","Dade County"
375,"","MISS","Non","IND","MO","Gentry 01","PB2 NP","B2.1","","","",2022-04-04,"Backyard","Backyard Producer","OIE NP","MO Gentry 01",2022-03-25,2022-03-26,"00R7WJH",-94.47536,40.28503,"29","29075","Gentry County"
376,"","MISS","Non","IND","MO","Harrison 01","PB2 PB1 NP NS","B3.2","","","",2022-12-20,"Backyard","WOAH Non-Poultry","Chicken","MO Harrison 01",2022-12-03,2022-12-06,"00Q9LT6",-94.17787,40.4079,"29","29081","Harrison County"
377,"","MISS","Poultry","IND","MO","Jackson 01","PB2 PB1 NP NS","B3.2","","","",2022-11-13,"Backyard","Backyard Producer","OIE NP","MO Jackson 01",2022-10-14,2022-10-18,"00RQ13J",-94.5931,38.92487,"29","29095","Jackson County"
378,"","MISS","Poultry","IND","MO","Jackson 02","PB2 PB1 NP NS","B3.2","","","",2022-12-20,"Backyard","WOAH Non-Poultry","Chicken","MO Jackson 02",2022-11-29,2022-12-01,"00RS7YQ",-94.49135,38.84499,"29","29095","Jackson County"
379,"","MISS","Poultry","IND","MO","Jasper 01","None","A1","","","",2022-03-20,"Commercial","Commercial Turkey Meat Bird","Turkey","MO Jasper 01",2022-03-07,2022-03-08,"00LAAV1",-94.5969,37.342,"29","29097","Jasper County"
380,"","MISS","Poultry","IND","MO","Jasper 02","PB2 NP","B2.1","","","",2022-04-11,"Commercial","Commercial Turkey Meat Bird","Turkey","MO Jasper 02",2022-03-31,2022-04-01,"00R6VW3",-94.4092,37.3279,"29","29097","Jasper County"
381,"","MISS","Non","IND","MO","Johnson 01","PB2 PB1 NP NS","B3.4","","","",2023-01-29,"Backyard","WOAH Non-Poultry","Chicken","MO Johnson 01",2023-01-04,2023-01-04,"00RTFFQ",-93.73551,38.83237,"29","29101","Johnson County"
382,"","MISS","Poultry","IND","MO","Lawrence 01","None","A1","","","",2022-03-20,"Commercial","Commercial Turkey Breeder Replacement Hens","Turkey","MO Lawrence 01",2022-03-08,2022-03-09,"00LREMF",-93.73806,37.07883,"29","29109","Lawrence County"
383,"","MISS","Poultry","IND","MO","Lawrence 02","PB2 NP","B2.1","","","",2022-04-19,"Commercial","Commercial Turkey Meat Bird","Turkey","MO Lawrence 02",2022-04-04,2022-04-05,"00R77HC",-94.01129,36.99048,"29","29109","Lawrence County"
384,"","MISS","Non","IND","MO","Maries 01","PB2 PB1 NP NS","B3.5","","","",2023-03-30,"Backyard","WOAH Non-Poultry","Chicken","MO Maries 01",2023-03-14,2023-03-16,"00RXNC1",-91.93501,38.25003,"29","29125","Maries County"
385,"","MISS","Poultry","IND","MO","Osage 01","PB2 NP NS","B2.2","","","",2022-12-20,"Commercial","Commercial Turkey Meat Bird","Turkey","MO Osage 01",2022-12-07,2022-12-09,"00M7XUY",-91.92914,38.582,"29","29151","Osage County"
386,"","MISS","Non","IND","MO","Ralls 01","None","A1","","","",2022-03-27,"Backyard","Backyard Producer","OIE NP","MO Ralls 01",2022-03-14,2022-03-15,"00R6JVG",-91.39119,39.62412,"29","29173","Ralls County"
387,"","MISS","Poultry","IND","MO","Stoddard 01","None","A1","","","",2022-03-13,"Commercial","Commercial Broiler Production","Chicken","MO Stoddard 01",2022-03-03,2022-03-04,"00Q58G7",-90.12183,36.82525,"29","29207","Stoddard County"
388,"ao","MISS","Poultry","IND","MO","Webster 01","PB2 PB1 NP NS","B3.2","","","",2022-12-12,"Backyard","Backyard Producer","Poultry","MO Webster 01",2022-11-19,2022-11-22,"00MBURK",-92.69498,37.10913,"29","29225","Webster County"
389,"ao","MISS","Poultry","CSLT","MO","Webster 02","PB2 PB1 NP NS","B3.2","","","",2022-12-12,"Commercial","Commercial Turkey Meat Bird","Turkey","MO Webster 02",2022-11-24,NA,"00R4L8X",-92.68807,37.10736,"29","29225","Webster County"
390,"","MISS","Poultry","IND","MS","Copiah 01","PB2 PB1 PA NP","B1.3","","","",2023-03-15,"DUCK","Backyard","WOAH Poultry","MS Copiah 01",2023-02-16,2023-02-17,"00RVZC6",-90.34504,31.75348,"28","28029","Copiah County"
391,"","MISS","Poultry","IND","MS","Lawrence 01","PB2 PB1 NP NS","B3.2","","","",2022-12-05,"Commercial","Commercial Broiler Breeder","Chicken","MS Lawrence 01",2022-11-03,2022-11-04,"00M684F",-89.9787,31.4403,"28","28077","Lawrence County"
392,"","MISS","Poultry","IND","MS","Leake 01","PB2 PB1 PA NP","B1.3","","","",2023-03-15,"Commercial","Commercial Broiler Production","Chicken","MS Leake 01",2023-02-06,2023-02-07,"00NDWKV",-89.4619,32.882,"28","28079","Leake County"
393,"","MISS","Non","IND","MS","Lowndes 01","PB2 NP NS","B2.2","","","",2022-11-28,"Backyard","Backyard Producer","OIE NP","MS Lowndes 01",2022-11-08,2022-11-14,"00FVFPW",-88.29553,33.41999,"28","28087","Lowndes County"
394,"","MISS","Non","IND","MS","Monroe 01","PB2 PB1 NP NS","B3.2","","","",2023-03-30,"Backyard","WOAH Non-Poultry","Multiple Poultry Species","MS Monroe 01",2023-03-15,2023-03-16,"00RXS30",-88.43184,33.8786,"28","28095","Monroe County"
395,"","CEN","Poultry","IND","MT","Cascade 01","PB2 NP","B4.1","","","",2022-04-19,"Backyard","Backyard Producer","Poultry","MT Cascade 01",2022-04-06,2022-04-07,"00BN67C",-111.82529,47.44016,"30","30013","Cascade County"
396,"","CEN","Non","IND","MT","Cascade 02","PB2 PB1 NP NS","B3.2","","","",2023-01-29,"Backyard","WOAH Non-Poultry","Chicken","MT Cascade 02",2023-01-06,2023-01-10,"00RTK7M",-111.11098,47.52667,"30","30013","Cascade County"
397,"","CEN","Non","IND","MT","Fergus 01","PB2 NP","B4.1","","","",2022-05-09,"Backyard","Backyard Producer","OIE NP","MT Fergus 01",2022-04-28,2022-04-29,"00RC6M5",-109.45582,47.07366,"30","30027","Fergus County"
398,"","CEN","Non","IND","MT","Fergus 02","PB2 NP","B4.1","","","",2022-05-19,"Backyard","Backyard Producer","OIE NP","MT Fergus 02",2022-05-04,2022-05-06,"00RCSJW",-109.40686,47.03407,"30","30027","Fergus County"
399,"","CEN","Non","IND","MT","Flathead 01","PB2 NP","B4.1","","","",2022-08-05,"Backyard","Backyard Producer","OIE NP","MT Flathead 01",2022-07-22,2022-07-26,"00RJF3N",-114.21954,48.38554,"30","30029","Flathead County"
400,"","CEN","Non","IND","MT","Flathead 02","PB2 PB1 NP NS","B3.2","","","",2023-01-10,"Backyard","WOAH Non-Poultry","Chicken","MT Flathead 02",2022-12-15,2022-12-16,"00RSYFS",-114.14659,48.11941,"30","30029","Flathead County"
401,"","CEN","Non","IND","MT","Gallatin 01","PB2 NP","B4.1","","","",2022-05-09,"Backyard","Backyard Producer","OIE NP","MT Gallatin 01",2022-04-28,2022-04-29,"00RCBKS",-111.25986,45.87242,"30","30031","Gallatin County"
402,"","CEN","Poultry","IND","MT","Glacier 01","PB2 NP","B4.1","","","",2022-05-02,"Backyard","Backyard Producer","Poultry","MT Glacier 01",2022-04-19,2022-04-20,"00G1GGJ",-112.58947,48.70395,"30","30035","Glacier County"
403,"","CEN","Non","IND","MT","Glacier 02","PB2 PB1 NP NS","B3.2","","","",2022-11-13,"Backyard","Backyard Producer","OIE NP","MT Glacier 02",2022-10-04,2022-10-05,"007TCWQ",-112.54974,48.84861,"30","30035","Glacier County"
404,"","CEN","Poultry","IND","MT","Granite 01","PB2 PB1 NP NS","B3.2","","","",2022-11-28,"Backyard","Backyard Producer","Poultry","MT Granite 01",2022-10-27,2022-11-01,"00RQR5M",-113.12515,46.65431,"30","30039","Granite County"
405,"","CEN","Non","IND","MT","Hill 01","PB2 PB1 NP NS","B3.2","","","",2022-11-13,"Backyard","Backyard Producer","OIE NP","MT Hill 01",2022-10-19,2022-10-20,"00RQ349",-109.69177,48.55784,"30","30041","Hill County"
406,"","CEN","Non","IND","MT","Judith Basin 01","PB2 NP","B4.1","","","",2022-04-19,"Backyard","Backyard Producer","OIE NP","MT Judith Basin 01",2022-04-05,2022-04-07,"00JCTPN",-110.11193,47.21663,"30","30045","Judith Basin County"
407,"","CEN","Non","IND","MT","Missoula 01","PB2 NP","B2.1","","","",2022-05-09,"Backyard","Backyard Producer","OIE NP","MT Missoula 01",2022-04-22,2022-04-26,"005RZQZ",-113.60755,46.89098,"30","30063","Missoula County"
408,"","CEN","Non","IND","MT","Pondera 01","PB2 NP","B3.1","","","",2022-05-09,"Backyard","Backyard Producer","OIE NP","MT Pondera 01",2022-04-27,2022-04-29,"00JVDFX",-112.41869,48.23883,"30","30073","Pondera County"
409,"","CEN","Non","IND","MT","Rosebud 01","PB2 PB1 NP NS","B3.2","","","",2023-05-16,"Backyard","WOAH Non-Poultry","Chicken","MT Rosebud 01",2023-04-12,2023-04-14,"00S0LPF",-106.48425,46.18581,"30","30087","Rosebud County"
410,"","CEN","Poultry","IND","MT","Teton 01","PB2 PB1 NP NA","Minor16","","","",2022-09-26,"Backyard","Backyard Producer","Poultry","MT Teton 01",2022-09-13,2022-09-15,"00LSQMT",-112.47587,48.06517,"30","30099","Teton County"
411,"","CEN","Non","IND","MT","Toole 01","PB2 NP","B4.1","","","",2022-04-25,"Backyard","Backyard Producer","OIE NP","MT Toole 01",2022-04-09,2022-04-12,"00R9PZ1",-111.48966,48.22017,"30","30101","Toole County"
412,"","ATL","Non","IND","NC","Durham 01","PB2 PB1 NP","B1.1","","","",2022-12-05,"Backyard","Backyard Producer","OIE NP","NC Durham 01",2022-11-23,NA,"00K10YK",-78.91123,36.08606,"37","37063","Durham County"
413,"c","ATL","Poultry","IND","NC","Johnston 01","None","A1","","","Shared rendering route",2022-04-11,"Commercial","Commercial Turkey Meat Bird","Turkey","NC Johnston 01",2022-03-31,2022-03-29,"00EXH1Z",-78.28468,35.34171,"37","37101","Johnston County"
414,"c","ATL","Poultry","CSLT","NC","Johnston 02","None","A1","","","Shared rendering route",2022-04-11,"Commercial","Commercial Turkey Meat Bird","Turkey","NC Johnston 02",2022-03-31,2022-04-02,"00LWGHC",-78.271,35.3366,"37","37101","Johnston County"
415,"c","ATL","Poultry","CSLT","NC","Johnston 03","None","A1","","","Shared rendering route",2022-04-11,"Commercial","Commercial Turkey Meat Bird","Turkey","NC Johnston 03",2022-03-31,2022-04-02,"00BMV16",-78.26846,35.33933,"37","37101","Johnston County"
416,"","ATL","Non","IND","NC","Onslow 01","PB2 NP NS","B2.2","","","",2022-12-20,"Backyard","WOAH Non-Poultry","Chicken","NC Onslow 01",2022-12-08,2022-12-09,"00RSNGZ",-77.15655,34.73216,"37","37133","Onslow County"
417,"","ATL","Non","IND","NC","Rowan-01","PB2 PB1 NP","B1.1","","","",2023-03-03,"EMU","Other","WOAH Non-Poultry","NC Rowan 01",2023-01-23,2023-01-25,"00RUDLE",-80.49476,35.54975,"37","37159","Rowan County"
418,"","ATL","Non","IND","NC","Union 01","PB2 PB1 PA NP","B1.3","","","",2022-12-05,"Backyard","Backyard Producer","OIE NP","NC Union 01",2022-11-17,2022-11-18,"00RRU9T",-80.65648,35.05027,"37","37179","Union County"
419,"","ATL","Non","IND","NC","Union 02","PB2 PB1 NP","B1.1","","","",2022-12-20,"Backyard","WOAH Non-Poultry","Duck","NC Union 02",2022-12-01,2022-12-02,"00RSAM1",-80.55693,34.93821,"37","37179","Union County"
420,"","ATL","Non","IND","NC","Wake 01","PB2 PB1 NP","B1.1","","","",2022-11-13,"Backyard","Backyard Producer","OIE NP","NC Wake 01",2022-10-19,2022-10-21,"00MZ1AJ",-78.69316,35.992,"37","37183","Wake County"
421,"c","ATL","Poultry","CSLT","NC","Wayne 01","None","A1","","","Shared rendering route",2022-04-11,"Commercial","Commercial Turkey Meat Bird","Turkey","NC Wayne 01",2022-04-02,2022-04-02,"00LWHBK",-78.2075,35.309,"37","37191","Wayne County"
422,"c","ATL","Poultry","CSLT","NC","Wayne 02","None","A1","","","Shared rendering route",2022-04-19,"Commercial","Commercial Turkey Meat Bird","Turkey","NC Wayne 02",2022-04-03,2022-04-05,"00EUVNT",-78.08801,35.26934,"37","37191","Wayne County"
423,"c","ATL","Poultry","CSLT","NC","Wayne 03","None","A1","","","Shared rendering route",2022-04-19,"Commercial","Commercial Broiler Production","Chicken","NC Wayne 03",2022-04-04,2022-04-06,"00P4RP7",-78.19876,35.24177,"37","37191","Wayne County"
424,"c","ATL","Poultry","CSLT","NC","Wayne 04","None","A1","","","Shared rendering route",2022-04-19,"Commercial","Commercial Broiler Production","Chicken","NC Wayne 04",2022-04-04,2022-04-06,"00M1MTL",-78.19489,35.29575,"37","37191","Wayne County"
425,"c","ATL","Poultry","CSLT","NC","Wayne 05","None","A1","","","Shared rendering route",2022-04-19,"Commercial","Commercial Turkey Meat Bird","Turkey","NC Wayne 05",2022-04-06,2022-04-07,"00EU9RZ",-78.18861,35.29949,"37","37191","Wayne County"
426,"c","ATL","Poultry","CSLT","NC","Wayne 06","None","A1","","","Shared rendering route",2022-04-25,"Commercial","Commercial Broiler Production","Chicken","NC Wayne 06",2022-04-11,2022-04-12,"00M1HJQ",-78.26437,35.2577,"37","37191","Wayne County"
427,"","CEN","Poultry","IND","ND","Barnes 01","PB2 NP","B2.1","","","",2022-04-25,"Backyard","Backyard Producer","Poultry","ND Barnes 01",2022-04-13,2022-04-13,"00RA8JJ",-98.32221,47.15315,"38","38003","Barnes County"
428,"","CEN","Poultry","IND","ND","Bottineau 01","PB2 PB1 NP NS","B3.2","","","",2022-11-28,"Backyard","Backyard Producer","Chicken","ND Bottineau 01",2022-11-02,2022-11-03,"00RQXCJ",-100.47886,48.83081,"38","38009","Bottineau County"
429,"","CEN","Non","IND","ND","Burke 01","PB2 NP","B2.1","","","",2022-05-31,"Backyard","Backyard Producer","OIE NP","ND Burke 01",2022-05-16,2022-05-17,"00REDK4",-102.23868,48.73101,"38","38013","Burke County"
430,"","CEN","Non","IND","ND","Cass 01","PB2 NP","B3.1","","","",2022-04-19,"Backyard","Backyard Producer","OIE NP","ND Cass 01",2022-04-02,2022-04-05,"00R8VXQ",-97.15364,47.05919,"38","38017","Cass County"
431,"","CEN","Non","IND","ND","Cass 02","PB2 PB1 PA NP","B1.3","","","",2022-09-12,"Backyard","Backyard Producer","OIE NP","ND Cass 02",2022-08-31,2022-09-01,"00RM8UA",-96.9125,46.89731,"38","38017","Cass County"
432,"","CEN","Poultry","IND","ND","Dickey 01","PB2 NP","B2.1","","","",2022-04-11,"Backyard","Backyard Producer","Chicken","ND Dickey 01",2022-03-31,2022-03-31,"00R8JV6",-98.40665,45.99477,"38","38021","Dickey County"
433,"","CEN","Poultry","IND","ND","Dickey 02","PB2 NP","B3.1","","","",2022-04-11,"Commercial","Commercial Turkey Meat Bird","Turkey","ND Dickey 02",2022-03-31,2022-04-01,"0069CXJ",-98.44051,46.07272,"38","38021","Dickey County"
434,"","CEN","Poultry","IND","ND","Dickey 03","PB2 PB1 NP NS","B3.6","p02","","",2023-05-16,"Commercial","Commercial Turkey Meat Bird","Turkey","ND Dickey 03",2023-04-17,2023-04-19,"0069CXJ",-98.44051,46.07272,"38","38021","Dickey County"
435,"","CEN","Poultry","IND","ND","Kidder 01","PB2 NP","B3.1","","","",2022-04-11,"Backyard","Backyard Producer","Chicken","ND Kidder 01",2022-03-28,2022-03-29,"0069PX6",-99.97644,46.81522,"38","38043","Kidder County"
436,"","CEN","Poultry","IND","ND","Lamoure 01","PB2 NP","B3.1","","","",2022-04-11,"Commercial","Commercial Turkey Meat Bird","Turkey","ND Lamoure 01",2022-04-01,2022-04-02,"0069NCH",-98.40118,46.34101,"38","38045","LaMoure County"
437,"","CEN","Poultry","IND","ND","Lamoure 02","PB2 NP","B2.1","","","",2022-04-19,"Commercial","Commercial Turkey Meat Bird","Turkey","ND Lamoure 02",2022-04-02,2022-04-04,"00LDPK9",-98.57184,46.31186,"38","38045","LaMoure County"
438,"","CEN","Non","IND","ND","LaMoure 03","PB2 NP","B2.1","","","",2022-04-25,"Backyard","Backyard Producer","OIE NP","ND LaMoure 03",2022-04-13,2022-04-14,"00RACSM",-98.34898,46.42857,"38","38045","LaMoure County"
439,"","CEN","Poultry","IND","ND","McHenry 01","PB2 NP","B2.1","","","",2022-06-18,"Backyard","Backyard Producer","Poultry","ND McHenry 01",2022-06-03,2022-06-06,"00RFZSY",-100.95096,48.54381,"38","38049","McHenry County"
440,"","CEN","Non","IND","ND","Mountrail 01","PB2 NP NS","B2.2","","","",2022-11-28,"Backyard","Backyard Producer","OIE NP","ND Mountrail 01",2022-11-09,2022-11-10,"00RRFF5",-101.99889,48.18172,"38","38061","Mountrail County"
441,"","CEN","Non","IND","ND","Nelson 01","PB2 PB1 PA NP","B1.3","","","",2022-11-28,"Backyard","Backyard Producer","OIE NP","ND Nelson 01",2022-09-29,2022-09-30,"00RP0RQ",-98.1937,47.90347,"38","38063","Nelson County"
442,"","CEN","Poultry","IND","ND","Ransom 01","PB2 PB1 PA NP","B1.3","","","",2022-10-17,"Commercial","Commercial Turkey Meat Bird","Turkey","ND Ransom 01",2022-09-25,2022-09-27,"005FKIS",-97.44174,46.32271,"38","38073","Ransom County"
443,"","CEN","Non","IND","ND","Renville 01","PB2 NP","B2.1","","","",2022-05-02,"Backyard","Backyard Producer","OIE NP","ND Renville 01",2022-04-20,2022-04-21,"006EJ79",-101.68141,48.98365,"38","38075","Renville County"
444,"","CEN","Poultry","IND","ND","Richland 01","PB2 PB1 NP NS","B3.2","","","",2022-05-02,"Commercial","Commercial Turkey Meat Bird","Turkey","ND Richland 01",2022-04-20,2022-04-21,"00LE8F9",-96.95805,46.05865,"38","38077","Richland County"
445,"","CEN","Poultry","IND","ND","Richland 02","PB2 NP","B3.1","","","",2022-05-09,"Backyard","Backyard Producer","Chicken","ND Richland 02",2022-04-25,2022-04-26,"00RBWKM",-96.96228,46.23915,"38","38077","Richland County"
446,"","CEN","Non","IND","ND","Sheridan 01","PB2 NP","B2.1","","","",2022-04-25,"Backyard","Backyard Producer","OIE NP","ND Sheridan 01",2022-04-11,2022-04-12,"0069RQC",-100.28382,47.38073,"38","38083","Sheridan County"
447,"","CEN","Poultry","IND","ND","Stutsman 01","NP","B5.1","","","",2022-04-19,"Backyard","Backyard Producer","Poultry","ND Stutsman 01",2022-04-07,2022-04-08,"00R9B82",-98.55219,47.18231,"38","38093","Stutsman County"
448,"","CEN","Poultry","IND","ND","Stutsman 02","PB2 NP","B2.1","","","",2022-05-02,"Backyard","Backyard Producer","Poultry","ND Stutsman 02",2022-04-19,2022-04-19,"00RAWW6",-99.14751,46.84661,"38","38093","Stutsman County"
449,"","CEN","Non","IND","ND","Traill 01","PB2 PB1 PA NP","B1.3","","","",2022-11-13,"Backyard","Backyard Producer","OIE NP","ND Traill 01",2022-10-15,2022-10-18,"00RPXXQ",-97.09467,47.56913,"38","38097","Traill County"
450,"","CEN","Poultry","IND","ND","Ward 01","PB2 NP NS","B2.2","","","",2022-10-05,"Backyard","Backyard Producer","Chicken","ND Ward 01",2022-09-21,2022-09-22,"00RNL8T",-101.73547,48.39291,"38","38101","Ward County"
451,"","CEN","Poultry","IND","ND","Ward 02","PB2 NP","B2.1","","","",2022-11-28,"Backyard","Backyard Producer","Chicken","ND Ward 02",2022-11-08,2022-11-10,"00RRD7R",-101.71064,47.96496,"38","38101","Ward County"
452,"","CEN","Non","IND","NE","Box Butte 01","PB2 PB1 NP NS","B3.2","","","",2022-11-13,"Backyard","Backyard Producer","OIE NP","NE Box Butte 01",2022-10-03,2022-10-04,"00RP6P4",-103.09356,42.21929,"31","31013","Box Butte County"
453,"","CEN","Poultry","IND","NE","Butler 01","None","A1","","","",2022-04-04,"Commercial","Commercial Broiler Production","Chicken","NE Butler 01",2022-03-21,2022-03-22,"00QDNNH",-97.21887,41.22982,"31","31023","Butler County"
454,"","CEN","Poultry","IND","NE","Butler 02","None","A1","","","",2022-04-04,"Commercial","Commercial Broiler Production","Chicken","NE Butler 02",2022-03-23,2022-03-24,"00QDLY3",-97.27701,41.30472,"31","31023","Butler County"
455,"","CEN","Non","IND","NE","Dawes 01","PB2 PB1 NP NS","B3.2","","","",2023-01-29,"Backyard","Backyard Producer","OIE NP","NE Dawes 01",2022-09-16,2022-09-19,"008VKJP",-102.96958,42.49617,"31","31045","Dawes County"
456,"","CEN","Poultry","IND","NE","Dixon 01","PB2 NP","B2.1","","","",2022-04-25,"Commercial","Commercial Table Egg Layer","Chicken","NE Dixon 01",2022-04-11,2022-04-12,"00FKH2C",-96.87034,42.31134,"31","31051","Dixon County"
457,"","CEN","Poultry","IND","NE","Dixon 02","PB2 PB1 NP NS","B3.2","","","",2022-12-12,"Commercial","Commercial Table Egg Layer","Chicken","NE Dixon 02",NA,2022-11-25,"00FKH56",-96.83773,42.29006,"31","31051","Dixon County"
458,"","CEN","Non","IND","NE","Holt 01","None","A1","","","",2022-04-04,"Backyard","Backyard Producer","OIE NP","NE Holt 01",2022-03-25,2022-03-26,"00R7WXQ",-99.03006,42.55643,"31","31089","Holt County"
459,"","CEN","Poultry","IND","NE","Knox 01","PB2 NP","B2.1","","","",2022-05-09,"Commercial","Commercial Table Egg Layer","Chicken","NE Knox 01",2022-04-26,2022-04-27,"00FKGXQ",-97.70412,42.59374,"31","31107","Knox County"
460,"","CEN","Non","IND","NE","Knox 02","PB2 PB1 NP NS","B3.2","","","",2022-12-20,"Backyard","WOAH Non-Poultry","Chicken","NE Knox 02",2022-11-30,2022-12-02,"006TRM8",-97.50505,42.55003,"31","31107","Knox County"
461,"","CEN","Poultry","IND","NE","Knox 03","PB2 NP NS","B2.2","","","",2023-01-10,"Backyard","WOAH Poultry","Chicken","NE Knox 03",2022-12-13,2022-12-14,"00RSUY8",-97.50308,42.74352,"31","31107","Knox County"
462,"","CEN","Poultry","IND","NE","Lincoln 01","PB2 PB1 NP NS","B3.2","","","",2023-03-15,"BYF-CHICKEN","Backyard","WOAH Poultry","NE Lincoln 01",2023-02-18,2023-02-21,"00RW0M9",-100.83242,41.13365,"31","31111","Lincoln County"
463,"","CEN","Non","INR","NE","Merrick 01","PB2 NP","B2.1","","","",2022-03-27,"Backyard","Backyard Producer","OIE NP","NE Merrick 01",2022-03-15,2022-03-15,"00R6MNM",-97.96609,41.09907,"31","31121","Merrick County"
464,"","CEN","Non","IND","NE","Scotts Bluff 01","None","A1","","","",2022-04-19,"Backyard","Backyard Producer","OIE NP","NE Scotts Bluff 01",2022-04-01,2022-04-05,"00R8UEV",-103.91444,41.96745,"31","31157","Scotts Bluff County"
465,"","CEN","Non","IND","NE","Scotts Bluff 02","PB2 PB1 NP NS","B3.2","","","",2023-01-29,"Backyard","WOAH Non-Poultry","Chicken","NE Scotts Bluff 02",2023-01-06,2023-01-09,"00RTLGZ",-103.65687,41.92938,"31","31157","Scotts Bluff County"
466,"","CEN","Non","IND","NE","Sheridan 01","PB2 PB1 NP","Minor31","","","",2023-05-16,"Backyard","WOAH Non-Poultry","Goose","NE Sheridan 01",2023-04-13,2023-04-14,"00S0NGP",-102.44544,42.06121,"31","31161","Sheridan County"
467,"","CEN","Non","IND","NE","Washington 01","PB2 PB1 NP NS","Minor07","","","H10N7 found in ducks only",2022-05-09,"Backyard","Backyard Producer","OIE NP","NE Washington 01",2022-04-27,2022-04-29,"00RC6BR",-96.08077,41.4288,"31","31177","Washington County"
468,"an","CEN","Poultry","INR","NE","York 01","PB2 PB1 NP NS","B3.2","","","ancestor linked with Brule 02 and Gregory 02 in SD",2022-11-13,"Commercial","Commercial Upland Gamebird Producer","Pheasant","NE York 01",2022-09-30,2022-10-04,"00Q51LP",-97.52893,40.76375,"31","31185","York County"
469,"an","CEN","Poultry","CSLT","NE","York 02","PB2 PB1 NP NS","B3.2","","","linked with Brule 02 and Gregory 02 in SD",2022-11-13,"Commercial","Commercial Upland Gamebird Producer","Pheasant","NE York 02",2022-10-15,2022-10-18,"00RP60H",-97.52102,40.77618,"31","31185","York County"
470,"","ATL","Non","IND","NH","Belknap 01","PB2 PB1 NP NS","B3.2","","","",2023-05-16,"Backyard","WOAH Non-Poultry","Chicken","NH Belknap 01",2023-01-20,2023-01-23,"00RU7NW",-71.43175,43.50848,"33","33001","Belknap County"
471,"","ATL","Poultry","IND","NH","Merrimack 01","PB2 PB1 PA NP","B1.2","","","",2022-10-05,"Backyard","Backyard Producer","Chicken","NH Merrimack 01",NA,2022-09-23,"00RNL9R",-71.85838,43.57038,"33","33013","Merrimack County"
472,"","ATL","Non","INR","NH","Rockingham 01","None","A1","","","",2022-03-27,"Backyard","Backyard Producer","OIE NP","NH Rockingham 01",2022-03-17,2022-03-16,"00R6PTX",-71.30988,42.90535,"33","33015","Rockingham County"
473,"","ATL","Non","IND","NJ","Bergen 01","PB2 PB1 PA NP","B1.3","","","",2022-11-28,"Backyard","Backyard Producer","OIE NP","NJ Bergen 01",2022-11-02,2022-11-02,"00RQWYG",-74.03084,41.00855,"34","34003","Bergen County"
474,"","ATL","Poultry","IND","NJ","Monmouth 01","PB2 PB1 NP","B1.1","","","",2022-05-31,"Backyard","Backyard Producer","Poultry","NJ Monmouth 01",2022-05-16,2022-05-17,"00RECTP",-74.51747,40.10616,"34","34025","Monmouth County"
475,"","ATL","Non","IND","NJ","Ocean 01","PB2 PB1 PA NP","B1.3","","","",2022-11-13,"Other","Animal Rescue / Rehabilitation","OIE NP","NJ Ocean 01",2022-10-21,2022-10-22,"007CHF1",-74.32839,39.91026,"34","34029","Ocean County"
476,"","ATL","Non","IND","NJ","Warren 01","PB2 PB1 NP","B1.1","","","",2022-10-30,"Backyard","Backyard Producer","OIE NP","NJ Warren 01",2022-10-12,2022-10-13,"00RPM99",-74.836,40.9456,"34","34041","Warren County"
477,"","CEN","Non","IND","NM","Bernalillo 01","PB2 PB1 NP NS","B3.2","","","",2022-11-13,"Backyard","Backyard Producer","OIE NP","NM Bernalillo 01",NA,2022-10-04,"NMQZU9V",-106.69466,35.00725,"35","35001","Bernalillo County"
478,"","PAC","Non","IND","NV","Carson City 01","PB2 NP","B2.1","","","`",2022-07-25,"Backyard","Backyard Producer","OIE NP","NV Carson City 01",NA,2022-07-07,"00RHSAA",-119.75221,39.12507,"32","32510","Carson City"
479,"","PAC","Non","IND","NV","Douglas 01","None","A3","","","",2023-03-15,"BYF-CHICKEN","Backyard","WOAH Non-Poultry","NV Douglas 01",NA,2023-03-03,"0074L9K",-119.83816,38.9726,"32","32005","Douglas County"
480,"","PAC","Poultry","IND","NV","Nye 01","PB2 PB1 NP NS","B3.2","","","",2022-11-13,"Backyard","Backyard Producer","Chicken","NV Nye 01",NA,2022-10-17,"00RQDM5",-116.5072,36.55266,"32","32023","Nye County"
481,"","ATL","Poultry","IND","NY","Columbia 01","PB2 PB1 NP NS","B3.2","","","",2023-03-15,"BYF-CHICKEN","Backyard","WOAH Poultry","NY Columbia 01",2023-02-14,2023-02-15,"00RVZ5K",-73.69377,42.40424,"36","36021","Columbia County"
482,"","ATL","Non","INR","NY","Dutchess 01","None","A1","","","",2022-03-06,"Backyard","Backyard Producer","OIE NP","NY Dutchess 01",2022-02-23,2022-02-24,"00R4K4A",-73.65541,41.95445,"36","36027","Dutchess County"
483,"","ATL","Non","IND","NY","Fulton 01","PB2 PB1 PA NP","B1.2","","","",2022-04-19,"Backyard","Backyard Producer","OIE NP","NY Fulton 01",2022-04-06,2022-04-06,"00R8Z8N",-74.14379,43.02621,"36","36035","Fulton County"
484,"AX","ATL","Poultry","CSLT","NY","Kings 02","PB2 PB1 NP NS","B3.3","","","",2023-05-16,"Other","Live Bird Market","Multiple Poultry Species","NY Kings 02",2023-04-14,2023-04-18,"00BJ2UK",-74.01674,40.63718,"36","36047","Kings County"
485,"","ATL","Poultry","IND","NY","Monroe 01","None","A1","","","",2022-04-11,"Backyard","Backyard Producer","Poultry","NY Monroe 01",2022-03-29,2022-03-29,"00R885S",-77.86718,43.28208,"36","36055","Monroe County"
486,"","ATL","Poultry","IND","NY","Orleans 01","PB2 PB1 NP","B1.1","","","",2022-04-19,"Backyard","Backyard Producer","Chicken","NY Orleans 01",NA,2022-04-05,"00R8YPU",-78.03915,43.14904,"36","36073","Orleans County"
487,"AX","ATL","Poultry","CSLT","NY","Putnam 01","PB2 PB1 NP NS","B3.3","","","",2023-05-16,"Backyard","WOAH Poultry","Poultry","NY Putnam 01",NA,2023-04-12,"00S0EQ6",-73.59493,41.40859,"36","36079","Putnam County"
488,"","ATL","Poultry","IND","NY","Queens 01","PB2 PB1 PA NP","B1.3","","","",2022-11-28,"Other","Live Bird Sales / Slaughter","Poultry","NY Queens 01",2022-11-11,2022-11-12,"00BKLU8",-73.90454,40.76446,"36","36081","Queens County"
489,"AX","ATL","Poultry","CSLT","NY","Queens 02","PB2 PB1 NP NS","B3.3","","","",2023-04-10,"Other","Live Bird Market","Multiple Poultry Species","NY Queens 02",2023-03-20,2023-03-22,"00BKL4N",-73.83969,40.68127,"36","36081","Queens County"
490,"AX","ATL","Poultry","CSLT","NY","Queens 03","PB2 PB1 NP NS","B3.3","","","",2023-04-18,"Other","Live Bird Market","Multiple Poultry Species","NY Queens 03",2023-04-03,2023-04-05,"00DY7ZB",-73.7942,40.704,"36","36081","Queens County"
491,"","ATL","Non","IND","NY","Suffolk 01","None","A1","","","",2022-03-06,"Backyard","Backyard Producer","OIE NP","NY Suffolk 01",2022-02-18,2022-02-18,"00R3YZ9",-72.81619,40.77674,"36","36103","Suffolk County"
492,"b","ATL","Poultry","IND","NY","Suffolk 02","PB2 PB1 PA NP NS","Minor14","","","epi link exists - network supports",2022-04-04,"Commercial","Commercial Upland Gamebird Producer","Pheasant","NY Suffolk 02",2022-03-23,2022-03-23,"00R51YK",-72.30753,40.97786,"36","36103","Suffolk County"
493,"b","ATL","Poultry","CSLT","NY","Suffolk 03","PB2 PB1 PA NP NS","Minor14","","","epi link exists - network supports",2022-04-04,"Backyard","Backyard Producer","Poultry","NY Suffolk 03",2022-03-25,2022-03-25,"00R7TSB",-72.72774,40.83112,"36","36103","Suffolk County"
494,"","ATL","Non","IND","NY","Suffolk 04","PB2 PB1 PA NP","B1.2","","","",2023-02-13,"BYF-CHICKEN","Backyard","WOAH Non-Poultry","NY Suffolk 04",2023-01-23,2023-01-25,"00RU8NS",-72.54598,40.91158,"36","36103","Suffolk County"
495,"","ATL","Non","IND","NY","Sullivan 01","PB2 NP NS","B2.2","","","",2022-12-05,"Backyard","Backyard Producer","OIE NP","NY Sullivan 01",2022-11-03,2022-11-04,"00RR430",-74.72263,41.79781,"36","36105","Sullivan County"
496,"","ATL","Poultry","IND","NY","Tompkins 01","PB2 PB1 NP NS","B3.5","","","",2023-04-10,"Backyard","WOAH Poultry","Pheasant","NY Tompkins 01",2023-03-21,2023-03-22,"00G6FWL",-76.44882,42.44589,"36","36109","Tompkins County"
497,"","ATL","Non","INR","NY","Ulster 01","None","A1","","","",2022-03-06,"Backyard","Backyard Producer","OIE NP","NY Ulster 01",2022-02-23,2022-02-24,"00R4K3C",-74.43285,41.85867,"36","36111","Ulster County"
498,"","ATL","Non","IND","NY","Washington 01","PB2 NP NS","B2.2","","","",2023-04-10,"Backyard","WOAH Non-Poultry","Chicken","NY Washington 01",2023-03-21,2023-03-21,"00GSG8T",NA,NA,"36",NA,NA
499,"","MISS","Non","IND","OH","Allen 01","PB2 PB1 PA NP","B1.3","","","",2022-09-26,"Backyard","Backyard Producer","OIE NP","OH Allen 01",2022-09-12,2022-09-14,"00RN088",-84.15797,40.70563,"39","39003","Allen County"
500,"","MISS","Non","IND","OH","Ashland 01","PB2 PB1 PA NP","B1.3","","","",2022-09-12,"Backyard","Backyard Producer","OIE NP","OH Ashland 01",2022-09-02,2022-09-03,"00KPA6N",-82.32649,40.8082,"39","39005","Ashland County"
501,"","MISS","Poultry","IND","OH","Butler 01","PB2 PB1 PA NP","B1.3","","","",2022-12-05,"Backyard","Backyard Producer","Poultry","OH Butler 01",2022-11-03,2022-11-07,"00RR2ST",-84.38273,39.38915,"39","39017","Butler County"
502,"","MISS","Poultry","IND","OH","Defiance 01","PB2 PB1 NP NS","B3.2","","","",2022-09-12,"Commercial","Commercial Table Egg Layer","Chicken","OH Defiance 01",2022-09-02,2022-09-03,"00L0KY4",-84.69249,41.30044,"39","39039","Defiance County"
503,"","MISS","Non","IND","OH","Franklin 01","PB2 PB1 PA NP","B1.2","","","",2022-04-11,"Backyard","Backyard Producer","OIE NP","OH Franklin 01",2022-03-28,2022-03-29,"00R87FC",-83.22164,40.02522,"39","39049","Franklin County"
504,"","MISS","Non","IND","OH","Licking 01","PB2 PB1 NP NS","B3.6","","","",2023-02-13,"BYF-CHICKEN-DUCK","Backyard","WOAH Non-Poultry","OH Licking 01",2023-01-13,2023-01-18,"00RTYVN",-82.72738,39.99796,"39","39089","Licking County"
505,"ag","MISS","Non","CSLT","OH","Portage 01","PB2 PB1 PA NP","B1.2","","","",2022-11-13,"Backyard","Backyard Producer","OIE NP","OH Portage 01",2022-09-29,2022-10-03,"00RP1CF",-81.29585,41.31486,"39","39133","Portage County"
506,"ag","MISS","Non","IND","OH","Summit 01","PB2 PB1 PA NP","B1.2","","","",2022-09-26,"Backyard","Backyard Producer","OIE NP","OH Summit 01",2022-09-14,2022-09-15,"00RN2M7",-81.41241,41.30236,"39","39153","Summit County"
507,"","MISS","Non","IND","OH","Williams 01","PB2 PB1 PA NP","B1.3","","","",2022-09-26,"Backyard","Backyard Producer","OIE NP","OH Williams 01",2022-09-12,2022-09-14,"00RMYFA",-84.49785,41.46185,"39","39171","Williams County"
508,"","CEN","Poultry","IND","OK","Cleveland 01","PB2 PB1 NP NS","B3.2","","","",2022-11-13,"Backyard","Backyard Producer","OIE NP","OK Cleveland 01",2022-10-20,2022-10-21,"00RQD46",-97.4774,35.29946,"40","40027","Cleveland County"
509,"","CEN","Non","IND","OK","Creek 01","PB2 PB1 NP NS","B3.2","","","",2022-11-13,"Backyard","Backyard Producer","OIE NP","OK Creek 01",2022-10-18,2022-10-20,"00RQ461",-96.11952,36.03782,"40","40037","Creek County"
510,"","CEN","Non","IND","OK","Pawnee 01","PB2 PB1 NP NS","B3.2","","","",2022-12-20,"Backyard","WOAH Non-Poultry","Duck","OK Pawnee 01",2022-12-02,2022-12-06,"00RSF2N",-96.71704,36.29676,"40","40117","Pawnee County"
511,"","CEN","Poultry","IND","OK","Sequoyah 01","PB2 PB1 PA NP","B1.2","","","",2022-05-09,"Commercial","Commercial Broiler Breeder","Chicken","OK Sequoyah 01",2022-04-29,2022-04-30,"00N7T1K",-94.85176,35.41154,"40","40135","Sequoyah County"
512,"","CEN","Non","IND","OK","Tulsa 01","PB2 PB1 NP NS","B3.2","","","",2022-10-30,"Backyard","Backyard Producer","OIE NP","OK Tulsa 01",2022-10-14,2022-10-14,"00RPU3Q",-95.8829,36.1455,"40","40143","Tulsa County"
513,"","PAC","Non","IND","OR","Clackamas 01","PB2 NP","B4.1","","","",2022-12-20,"Backyard","WOAH Non-Poultry","Duck","OR Clackamas 01",2022-12-07,2022-12-09,"00RSKRP",-122.6285,45.27236,"41","41005","Clackamas County"
514,"","PAC","Non","IND","OR","Columbia 01","PB2 PB1 NP NS","B3.2","","","",2022-12-05,"Backyard","Backyard Producer","OIE NP","OR Columbia 01",2022-11-21,2022-11-23,"00RRY3N",-122.87417,45.85178,"41","41009","Columbia County"
515,"","PAC","Non","IND","OR","Columbia 02","PB2 PB1 NP NS","B3.2","","","",2023-01-10,"Backyard","WOAH Non-Poultry","Duck","OR Columbia 02",2022-12-08,2022-12-13,"00RSNT9",-123.14999,46.16959,"41","41009","Columbia County"
516,"","PAC","Non","IND","OR","Coos 01","PB2 NP","B2.1","","","",2022-08-12,"Backyard","Backyard Producer","OIE NP","OR Coos 01",2022-07-26,2022-07-28,"00RJQ5C",-124.22217,43.34939,"41","41011","Coos County"
517,"","PAC","Poultry","IND","OR","Deschutes 01","PB2 NP","B4.1","","","",2022-07-25,"Backyard","Backyard Producer","Poultry","OR Deschutes 01",2022-07-08,2022-07-12,"00RHWUQ",-121.25301,44.08269,"41","41017","Deschutes County"
518,"","PAC","Poultry","IND","OR","Deschutes 02","PB2 NP","B4.1","","","",2022-07-30,"Backyard","Backyard Producer","Poultry","OR Deschutes 02",2022-07-12,2022-07-15,"00RHZX8",-121.21452,44.07684,"41","41017","Deschutes County"
519,"","PAC","Poultry","IND","OR","Deschutes 03","PB2 NP","B4.1","","","",2022-07-30,"Backyard","Backyard Producer","Poultry","OR Deschutes 03",2022-07-14,2022-07-19,"00RJ43Y",-121.1768,44.07472,"41","41017","Deschutes County"
520,"","PAC","Poultry","IND","OR","Deschutes 04","PB2 NP","B4.1","","v","While it is not possible to definitively distinguish between common source vs. lateral transfer, common source is somewhat more probable. The properties border each other, but did not share equipment. Both premises have ponds, domestic birds are allowed to free-range, and wild waterfowl move back and forth between these properties. The genomic information indicates that the virus samples from these premises are almost identical. Additionally the birds developed clinical signs on these properties on the same day. While lateral transfer could lead to contemporaneous development of clinical signs given the variability in the prepatent period and incubation period, a more likely scenario is that the birds on both premises had a common source exposure at approximately the same time",2022-08-05,"Backyard","Backyard Producer","Poultry","OR Deschutes 04",2022-07-19,2022-07-21,"00RJBBP",-121.24491,44.18523,"41","41017","Deschutes County"
521,"","PAC","Non","INR","OR","Deschutes 05","PB2 NP","B4.1","","v","While it is not possible to definitively distinguish between common source vs. lateral transfer, common source is somewhat more probable. The properties border each other, but did not share equipment. Both premises have ponds, domestic birds are allowed to free-range, and wild waterfowl move back and forth between these properties. The genomic information indicates that the virus samples from these premises are almost identical. Additionally the birds developed clinical signs on these properties on the same day. While lateral transfer could lead to contemporaneous development of clinical signs given the variability in the prepatent period and incubation period, a more likely scenario is that the birds on both premises had a common source exposure at approximately the same time",2022-08-05,"Backyard","Backyard Producer","OIE NP","OR Deschutes 05",2022-07-21,2022-07-22,"00RJDLY",-121.24527,44.18365,"41","41017","Deschutes County"
522,"","PAC","Non","IND","OR","Deschutes 06","PB2 NP","B4.1","","","",2022-08-05,"Backyard","Backyard Producer","OIE NP","OR Deschutes 06",2022-07-21,2022-07-22,"00RJFGY",-121.16937,44.04,"41","41017","Deschutes County"
523,"","PAC","Poultry","IND","OR","Deschutes 07","PB2 NP","B4.1","","","",2022-11-28,"Backyard","Backyard Producer","OIE NP","OR Deschutes 07",2022-10-29,2022-11-01,"00RQTZQ",-121.38493,44.1736,"41","41017","Deschutes County"
524,"","PAC","Non","IND","OR","Douglas 01","PB2 NP","B4.1","","","",2022-11-28,"Backyard","Backyard Producer","OIE NP","OR Douglas 01",2022-09-29,2022-09-30,"00RP024",-123.28964,42.79079,"41","41019","Douglas County"
525,"","PAC","Non","IND","OR","Josephine 01","PB2 NP","B4.1","","","",2023-01-29,"Backyard","WOAH Non-Poultry","Chicken","OR Josephine 01",2022-12-30,2023-01-04,"00RTDJQ",-123.59059,42.12004,"41","41033","Josephine County"
526,"","PAC","Non","IND","OR","Klamath 01","PB2 PB1 NP NS","B3.2","","","",2023-04-10,"Backyard","WOAH Non-Poultry","Multiple Poultry Species","OR Klamath 01",2023-03-20,2023-03-22,"00RYA8K",-121.41624,42.27615,"41","41035","Klamath County"
527,"","PAC","Poultry","IND","OR","Lane 01","PB2 NP","B4.1","","","",2022-05-31,"Backyard","Backyard Producer","Poultry","OR Lane 01",2022-05-16,2022-05-17,"00REF3U",-123.06744,44.15167,"41","41039","Lane County"
528,"","PAC","Non","IND","OR","Linn 01","PB2 NP","B4.1","","","",2022-05-19,"Backyard","Backyard Producer","OIE NP","OR Linn 01",2022-05-03,2022-05-05,"00R31KR",-123.0939,44.54329,"41","41043","Linn County"
529,"","PAC","Non","IND","OR","Linn 02","PB2 NP","B4.1","","","",2022-07-25,"Backyard","Backyard Producer","OIE NP","OR Linn 02",2022-07-01,2022-07-06,"00RHN8Y",-122.82032,44.70433,"41","41043","Linn County"
530,"","PAC","Non","IND","OR","Linn 03","PB2 NP","B4.1","","","",2023-01-10,"Backyard","WOAH Non-Poultry","Chicken","OR Linn 03",2022-12-09,2022-12-13,"00RSS44",-122.85935,44.56253,"41","41043","Linn County"
531,"","PAC","Non","IND","OR","Polk 01","PB2 NP","B4.1","","","",2022-06-18,"Backyard","Backyard Producer","OIE NP","OR Polk 01",2022-06-07,2022-06-08,"00RGC9E",-123.10469,44.96446,"41","41053","Polk County"
532,"","PAC","Non","IND","OR","Polk 02","PB2 NP","B4.1","","","",2022-12-20,"Backyard","WOAH Non-Poultry","Duck","OR Polk 02",2022-12-07,2022-12-09,"00RSLWB",-123.54553,45.03887,"41","41053","Polk County"
533,"","PAC","Non","IND","OR","Polk 03","PB2 PB1 NP NS","B3.2","","","",2023-01-10,"Backyard","WOAH Non-Poultry","Chicken","OR Polk 03",2022-12-13,2022-12-15,"00RSW7F",-123.21656,44.89411,"41","41053","Polk County"
534,"","PAC","Non","IND","OR","Polk 04","PB2 PB1 NP NS","B3.2","","","",2023-02-13,"BYF-CHICKEN","Backyard","WOAH Non-Poultry","OR Polk 04",2023-01-20,2023-01-25,"00RU8LW",-123.12502,44.98459,"41","41053","Polk County"
535,"","PAC","Non","INR","OR","Tillamook 01","PB2 NP","B4.1","","","",2022-10-17,"Backyard","Backyard Producer","OIE NP","OR Tillamook 01",2022-09-26,2022-09-28,"00RNTCS",-123.88408,45.20166,"41","41057","Tillamook County"
536,"","PAC","Non","INR","OR","Tillamook 02","PB2 NP","B4.1","","","",2022-10-17,"Backyard","Backyard Producer","OIE NP","OR Tillamook 02",2022-09-26,2022-09-28,"00RNTP2",-123.88265,45.2016,"41","41057","Tillamook County"
537,"","PAC","Non","IND","OR","Umatilla 01","PB2 PB1 NP NS","B3.2","","","",2023-01-10,"Backyard","WOAH Non-Poultry","Chicken","OR Umatilla 01",2022-12-19,2022-12-21,"00RT4A6",-119.21796,45.85666,"41","41059","Umatilla County"
538,"","PAC","Non","IND","OR","Umatilla 02","PB2 PB1 NP NS","B3.2","","","",2023-04-18,"Backyard","WOAH Non-Poultry","Multiple Poultry Species","OR Umatilla 02",2023-03-28,2023-03-30,"00RYW4A",-119.19806,45.74315,"41","41059","Umatilla County"
539,"","PAC","Poultry","IND","OR","Yamhill 01","PB2 PB1 NP NS","B3.2","","","",2022-11-28,"Backyard","Backyard Producer","Chicken","OR Yamhill 01",2022-11-01,2022-11-03,"00RQXDH",-123.10132,45.09345,"41","41071","Yamhill County"
540,"","ATL","Poultry","IND","PA","Adams 01","PB2 PB1 PA NP","B1.3","","ah","Per the state, geographical proximity, no epi links",2022-10-30,"Backyard","Backyard Producer","Turkey","PA Adams 01",2022-10-10,2022-10-11,"003FLIL",-77.07517,39.89504,"42","42001","Adams County"
541,"","ATL","Poultry","INR","PA","Adams 02","PB2 PB1 PA NP","B1.3","","ah","Per the state, geographical proximity, no epi links",2022-11-13,"Commercial","Commercial Turkey Meat Bird","Turkey","PA Adams 02",2022-10-14,2022-10-17,"0087L6N",-77.08556,39.90354,"42","42001","Adams County"
542,"","ATL","Non","IND","PA","Allegheny 01","PB2 PB1 PA NP","B1.3","","","",2022-11-28,"Backyard","Backyard Producer","OIE NP","PA Allegheny 01",2022-11-01,2022-11-02,"00RQWGF",-79.84445,40.23195,"42","42003","Allegheny County"
543,"","ATL","Non","IND","PA","Allegheny-02","PB2 PB1 PA NP","B1.2","","","",2023-03-03,"BYF-Duck","Backyard","WOAH Non-Poultry","PA Allegheny 02",2023-01-30,2023-02-07,"00RUPGB",-79.72471,40.63549,"42","42003","Allegheny County"
544,"o","ATL","Poultry","CSLT","PA","Berks 01","None","A1","","","",2022-05-19,"Commercial","Commercial Duck Breeder","Duck","PA Berks 01",2022-05-02,2022-05-03,"00M5U8Y",-76.01335,40.52378,"42","42011","Berks County"
545,"o","ATL","Poultry","CSLT","PA","Berks 04","None","A1","","","",2022-05-23,"Commercial","Commercial Duck Breeder","Duck","PA Berks 04",2022-05-07,2022-05-10,"00M5U61",-76.01124,40.51268,"42","42011","Berks County"
546,"o","ATL","Poultry","CSLT","PA","Berks 05","None","A1","","","",2022-05-23,"Commercial","Commercial Duck Meat Bird","Duck","PA Berks 05",2022-05-08,2022-05-10,"00PCPBM",-76.01621,40.51781,"42","42011","Berks County"
547,"o","ATL","Poultry","CSLT","PA","Berks 06","None","A1","","","",2022-05-31,"Commercial","Commercial Table Egg Breeder","Chicken","PA Berks 06",2022-05-13,2022-05-14,"003G268",-76.19368,40.40831,"42","42011","Berks County"
548,"o","ATL","Poultry","CSLT","PA","Berks 07","None","A1","","","",2022-05-31,"Commercial","Commercial Table Egg Layer","Chicken","PA Berks 07",2022-05-14,2022-05-17,"00GF7CH",-76.24441,40.38435,"42","42011","Berks County"
549,"o","ATL","Poultry","CSLT","PA","Berks 08","None","A1","","","",2022-05-31,"Commercial","Commercial Duck Breeder","Duck","PA Berks 08",2022-05-16,2022-05-18,"003G3VQ",-76.05097,40.48229,"42","42011","Berks County"
550,"o","ATL","Poultry","CSLT","PA","Berks 09","None","A1","","","",2022-05-31,"Commercial","Commercial Duck Breeder","Duck","PA Berks 09",2022-05-20,2022-05-23,"00QMHCQ",-76.0534,40.47762,"42","42011","Berks County"
551,"o","ATL","Poultry","CSLT","PA","Berks 10","None","A1","","","",2022-06-18,"Commercial","Commercial Duck Meat Bird","Duck","PA Berks 10",2022-06-01,2022-06-02,"00M5UHG",-76.16059,40.48666,"42","42011","Berks County"
552,"","ATL","Non","IND","PA","Berks 11","PB2 PB1 PA NP","B1.3","","","",2022-11-13,"Backyard","Backyard Producer","OIE NP","PA Berks 11",2022-10-03,2022-10-05,"00RP673",-75.57577,40.46792,"42","42011","Berks County"
553,"","ATL","Non","IND","PA","Berks 12","PB2 PB1 NP","B1.1","","","",2023-01-29,"Backyard","Backyard Producer","OIE NP","PA Berks 12",2022-11-15,2022-11-17,"00RRJWR",-75.69141,40.38234,"42","42011","Berks County"
554,"AX","ATL","Poultry","CSLT","PA","Bucks 01","PB2 PB1 NP NS","B3.3","","","",2023-03-15,"BYF-Duck","Backyard","WOAH Poultry","PA Bucks 01",2023-03-03,NA,"00Q3BJ5",-74.95057,40.27051,"42","42017","Bucks County"
555,"AX","ATL","Poultry","CSLT","PA","Chester 01","PB2 PB1 NP NS","B3.3","","","",2023-03-15,"BYF-DUCK","Backyard","WOAH Poultry","PA Chester 01",2023-02-23,2023-02-24,"003HBM2",-76.03203,39.79012,"42","42029","Chester County"
556,"AX","ATL","Poultry","CSLT","PA","Chester 02","PB2 PB1 NP NS","B3.3","","","",2023-03-15,"DUCK","Backyard","WOAH Poultry","PA Chester 02",2023-03-02,2023-03-03,"00PVYF0",-76.02954,39.80368,"42","42029","Chester County"
557,"AX","ATL","Poultry","CSLT","PA","Chester 03","PB2 PB1 NP NS","B3.3","","","",2023-03-15,"DUCK","Backyard","WOAH Poultry","PA Chester 03",2023-03-02,2023-03-03,"00QJJ2P",-76.0302,39.80188,"42","42029","Chester County"
558,"AX","ATL","Poultry","CSLT","PA","Chester 04","PB2 PB1 NP NS","B3.3","","","",2023-03-30,"Commercial","Commercial Turkey Meat Bird","Turkey","PA Chester 04",2023-03-13,2023-03-16,"003HF4M",-75.88116,40.12043,"42","42029","Chester County"
559,"","ATL","Non","IND","PA","Dauphin 01","PB2 PB1 PA NP","B1.3","","","",2022-12-05,"Backyard","Backyard Producer","OIE NP","PA Dauphin 01",2022-11-02,2022-11-04,"008AEWE",-76.94898,40.42609,"42","42043","Dauphin County"
560,"o","ATL","Poultry","IND","PA","Lancaster 01","None","A1","","","",2022-04-25,"Commercial","Commercial Table Egg Layer","Chicken","PA Lancaster 01",2022-04-14,2022-04-15,"003JKW4",-76.5611,40.0955,"42","42071","Lancaster County"
561,"o","ATL","Poultry","CSLT","PA","Lancaster 02","None","A1","","","",2022-05-02,"Commercial","Commercial Table Egg Layer","Chicken","PA Lancaster 02",2022-04-19,2022-04-20,"003JJVA",-76.52319,40.13826,"42","42071","Lancaster County"
562,"o","ATL","Poultry","CSLT","PA","Lancaster 03","None","A1","","","",2022-05-02,"Commercial","Commercial Table Egg Layer","Chicken","PA Lancaster 03",2022-04-19,2022-04-20,"003JL6F",-76.59404,40.09063,"42","42071","Lancaster County"
563,"o","ATL","Poultry","CSLT","PA","Lancaster 04","None","A1","","","",2022-05-02,"Commercial","Commercial Broiler Production","Chicken","PA Lancaster 04",2022-04-20,2022-04-22,"003JSY3",-76.53436,40.09959,"42","42071","Lancaster County"
564,"o","ATL","Poultry","CSLT","PA","Lancaster 05","None","A1","","","",2022-05-09,"Commercial","Commercial Table Egg Layer","Chicken","PA Lancaster 05",2022-04-25,2022-04-26,"00K5QVU",-76.50477,40.15537,"42","42071","Lancaster County"
565,"o","ATL","Poultry","CSLT","PA","Lancaster 06","None","A1","","","",2022-05-09,"Commercial","Commercial Broiler Breeder Pullets","Chicken","PA Lancaster 06",2022-04-26,2022-04-27,"00FWS5E",-76.42322,39.9763,"42","42071","Lancaster County"
566,"o","ATL","Poultry","CSLT","PA","Lancaster 07","None","A1","","","",2022-05-09,"Commercial","Commercial Duck Meat Bird","Duck","PA Lancaster 07",2022-04-28,2022-04-29,"00M5X8M",-76.49403,40.19805,"42","42071","Lancaster County"
567,"o","ATL","Poultry","CSLT","PA","Lancaster 08","None","A1","","","",2022-05-23,"Commercial","Commercial Table Egg Layer","Chicken","PA Lancaster 08",2022-05-07,2022-05-10,"00DTG29",-76.49348,40.18918,"42","42071","Lancaster County"
568,"","ATL","Non","IND","PA","Lancaster 09","PB2 PB1 PA NP","B1.3","","","",2022-10-17,"Backyard","Backyard Producer","OIE NP","PA Lancaster 09",2022-09-27,2022-09-29,"003KWZI",-76.20106,40.03561,"42","42071","Lancaster County"
569,"","ATL","Poultry","IND","PA","Lancaster 13","PB2 PB1 NP NS","B3.5","","","",2023-03-15,"CHICKEN","Commercial","Commercial Broiler Production","PA Lancaster 13",2023-02-19,2023-02-21,"00QHYA2",-76.17416,39.94283,"42","42071","Lancaster County"
570,"AX","ATL","Poultry","CSLT","PA","Lancaster 14","PB2 PB1 NP NS","B3.3","","","",2023-03-15,"DUCK","Backyard","WOAH Poultry","PA Lancaster 14",2023-02-21,2023-02-22,"00BW8R1",-76.06473,40.21026,"42","42071","Lancaster County"
571,"AX","ATL","Poultry","CSLT","PA","Lancaster 15","PB2 PB1 NP NS","B3.3","","","",2023-03-15,"BYF-Duck","Backyard","WOAH Poultry","PA Lancaster 15",2023-02-21,2023-02-23,"00N0FGW",-76.04197,40.15375,"42","42071","Lancaster County"
572,"AX","ATL","Poultry","CSLT","PA","Lancaster 16","PB2 PB1 NP NS","B3.3","","","",2023-03-15,"DUCK","Backyard","WOAH Poultry","PA Lancaster 16",2023-02-22,2023-02-24,"003KMES",-76.07795,40.15996,"42","42071","Lancaster County"
573,"AX","ATL","Poultry","CSLT","PA","Lancaster 17","PB2 PB1 NP NS","B3.3","","","",2023-03-15,"BYF-Chicken","Backyard","WOAH Poultry","PA Lancaster 17",2023-02-24,2023-02-27,"00K2XGN",-76.04987,40.15431,"42","42071","Lancaster County"
574,"AX","ATL","Poultry","CSLT","PA","Lancaster 18","PB2 PB1 NP NS","B3.3","","","",2023-03-15,"TURKEY","Commercial","Commercial Turkey Meat Bird","PA Lancaster 18",2023-03-01,2023-03-03,"00HY3KY",-76.02267,40.19147,"42","42071","Lancaster County"
575,"AX","ATL","Poultry","CSLT","PA","Lancaster 19","PB2 PB1 NP NS","B3.3","","","",2023-03-15,"TURKEY","Commercial","Commercial Turkey Meat Bird","PA Lancaster 19",2023-03-01,2023-03-03,"003JT0W",-76.03476,40.21144,"42","42071","Lancaster County"
576,"AX","ATL","Poultry","CSLT","PA","Lancaster 20","PB2 PB1 NP NS","B3.3","","","",2023-03-15,"DUCK","Commercial","Commercial Duck Breeder","PA Lancaster 20",2023-03-02,2023-03-03,"00BZPJY",-75.95057,40.14745,"42","42071","Lancaster County"
577,"AX","ATL","Poultry","CSLT","PA","Lancaster 21","PB2 PB1 NP NS","B3.3","","","",2023-03-15,"DUCK","Backyard","WOAH Poultry","PA Lancaster 21",2023-03-02,NA,"00BR9DU",-76.05984,40.19477,"42","42071","Lancaster County"
578,"AX","ATL","Poultry","CSLT","PA","Lancaster 22","PB2 PB1 NP NS","B3.3","","","",2023-03-15,"DUCK","Backyard","WOAH Poultry","PA Lancaster 22",2023-03-02,NA,"00BY69T",-76.015,40.1746,"42","42071","Lancaster County"
579,"AX","ATL","Poultry","CSLT","PA","Lancaster 23","PB2 PB1 NP NS","B3.3","","","",2023-03-15,"GOOSE","Backyard","WOAH Poultry","PA Lancaster 23",2023-03-02,NA,"008BN5Q",-76.04675,40.14783,"42","42071","Lancaster County"
580,"AX","ATL","Poultry","CSLT","PA","Lancaster 24","PB2 PB1 NP NS","B3.3","","","",2023-03-21,"Backyard","WOAH Poultry","Multiple Poultry Species","PA Lancaster 24",2023-03-09,2023-03-13,"00CU3PP",-76.00321,40.17324,"42","42071","Lancaster County"
581,"AX","ATL","Poultry","CSLT","PA","Lancaster 29","PB2 PB1 NP NS","B3.3","","","",2023-03-21,"Backyard","WOAH Poultry","Multiple Poultry Species","PA Lancaster 29",2023-03-11,2023-03-14,"00J76KL",-76.06531,40.18861,"42","42071","Lancaster County"
582,"AX","ATL","Poultry","CSLT","PA","Lancaster 31","PB2 PB1 NP NS","B3.3","","","",2023-03-30,"Backyard","WOAH Poultry","Duck","PA Lancaster 31",2023-03-14,2023-03-16,"003KOGG",-75.96306,40.14021,"42","42071","Lancaster County"
583,"aw","ATL","Poultry","IND","PA","Lancaster-10","PB2 PB1 NP NS","B3.5","","","",2023-03-03,"DUCK","Commercial","Commercial Duck Meat Bird","PA Lancaster 10",2023-01-30,2023-02-01,"003KHH3",-76.24579,40.20666,"42","42071","Lancaster County"
584,"","ATL","Poultry","IND","PA","Lancaster-11","PB2 NP NS","B2.2","","","",2023-03-03,"DUCK","Backyard","WOAH Poultry","PA Lancaster 11",2023-01-31,2023-02-01,"00CUJZB",-76.05043,40.17408,"42","42071","Lancaster County"
585,"aw","ATL","Poultry","CSLT","PA","Lancaster-12","PB2 PB1 NP NS","B3.5","","","",2023-03-03,"CHICKEN","Backyard","WOAH Poultry","PA Lancaster 12",2023-02-07,2023-02-08,"008BQIN",-76.23991,40.21137,"42","42071","Lancaster County"
586,"aj","ATL","Poultry","CSLT","PA","Lehigh 01","PB2 PB1 PA NP","B1.3","","","",2022-11-28,"Commercial","Commercial Turkey Meat Bird","Turkey","PA Lehigh 01",2022-11-01,2022-11-03,"00ERGXJ",-75.57255,40.65754,"42","42077","Lehigh County"
587,"aj","ATL","Poultry","CSLT","PA","Lehigh 02","PB2 PB1 PA NP","B1.3","","","",2022-11-13,"Commercial","Commercial Turkey Meat Bird","Turkey","PA Lehigh 02",2022-11-03,2022-11-04,"008C942",-75.57848,40.64293,"42","42077","Lehigh County"
588,"aj","ATL","Poultry","CSLT","PA","Lehigh 03","PB2 PB1 PA NP","B1.3","","","",2022-11-28,"Commercial","Commercial Turkey Breeder Hens","Turkey","PA Lehigh 03",2022-11-06,2022-11-08,"00RR10H",-75.56607,40.64478,"42","42077","Lehigh County"
589,"aj","ATL","Poultry","CSLT","PA","Lehigh 04","PB2 PB1 PA NP","B1.3","","","",2022-11-28,"Commercial","Commercial Turkey Meat Bird","Turkey","PA Lehigh 04",2022-11-07,2022-11-08,"00ERGYH",-75.58258,40.65354,"42","42077","Lehigh County"
590,"aj","ATL","Poultry","CSLT","PA","Lehigh 05","PB2 PB1 PA NP","B1.3","","","",2022-11-28,"Commercial","Commercial Turkey Meat Bird","Turkey","PA Lehigh 05",2022-11-09,2022-11-10,"00ERGVN",-75.57631,40.65696,"42","42077","Lehigh County"
591,"aj","ATL","Poultry","CSLT","PA","Lehigh 06","PB2 PB1 PA NP","B1.3","","","",2022-11-28,"Commercial","Commercial Turkey Breeder Toms","Turkey","PA Lehigh 06",2022-11-09,2022-11-10,"00ERF2D",-75.57434,40.63929,"42","42077","Lehigh County"
592,"","ATL","Non","IND","PA","Mifflin 01","PB2 PB1 NP NS","Minor24","","","",2023-03-30,"Backyard","WOAH Non-Poultry","Multiple Poultry Species","PA Mifflin 01",2023-03-14,2023-03-15,"00RXJGB",-77.59754,40.61904,"42","42087","Mifflin County"
593,"","ATL","Non","IND","PA","Monroe 01","PB2 PB1 PA NP","B1.3","","","",2022-11-13,"Backyard","Backyard Producer","OIE NP","PA Monroe 01",2022-10-04,2022-10-05,"00RP825",-75.35952,40.85389,"42","42089","Monroe County"
594,"","ATL","Poultry","IND","PA","Northampton 01","PB2 PB1 NP","B1.1","","","",2022-08-29,"Backyard","Backyard Producer","Poultry","PA Northampton 01",2022-08-09,2022-08-11,"00RKVZX",-75.11063,40.93129,"42","42095","Northampton County"
595,"AX","ATL","Poultry","CSLT","PA","Northumberland 01","PB2 PB1 NP NS","B3.3","","","",2023-03-15,"BYF-CHICKEN","Backyard","WOAH Poultry","PA Northumberland 01",2023-03-02,2023-03-03,"00R20L2",-76.82472,40.65672,"42","42097","Northumberland County"
596,"","ATL","Poultry","IND","PA","Tioga 01","PB2 PB1 NP NS","B3.5","","","",2023-03-15,"BYF-GEESE","Backyard","WOAH Non-Poultry","PA Tioga 01",2023-02-14,2023-02-17,"00RVSR4",-77.11685,41.95629,"42","42117","Tioga County"
597,"","ATL","Poultry","IND","PA","Washington 01","PB2 PB1 PA NP","B1.3","","","",2022-10-05,"Backyard","Backyard Producer","Chicken","PA Washington 01",2022-09-19,2022-09-19,"008EGRL",-80.27386,40.35503,"42","42125","Washington County"
598,"","ATL","Non","IND","PA","Westmoreland 01","PB2 PB1 PA NP","B1.3","","","",2022-11-13,"Backyard","Backyard Producer","OIE NP","PA Westmoreland 01",2022-10-03,2022-10-04,"00RP5LG",-79.67254,40.60652,"42","42129","Westmoreland County"
599,"","ATL","Poultry","IND","PA","York 01","PB2 PB1 PA NP","B1.3","","","",2022-10-17,"Commercial","Commercial Turkey Meat Bird","Turkey","PA York 01",2022-09-28,2022-09-29,"008FIYS",-76.54187,39.91318,"42","42133","York County"
600,"","ATL","Non","IND","RI","Newport 01","PB2 PB1 PA NP","B1.3","","","",2022-11-13,"Backyard","Animal Rescue / Rehabilitation","OIE NP","RI Newport 01",2022-10-20,2022-10-20,"00RQAB4",-71.194,41.59237,"44","44005","Newport County"
601,"","ATL","Non","IND","SC","Beaufort 01","PB2 PB1 NP","B1.1","","","",2022-11-28,"Backyard","Backyard Producer","OIE NP","SC Beaufort 01",2022-11-02,2022-11-03,"SCR0DZN",-80.87664,32.11542,"45","45013","Beaufort County"
602,"","CEN","Poultry","IND","SD","Beadle 01","PB2 NP","B2.1","","","",2022-04-04,"Commercial","Commercial Turkey Meat Bird","Turkey","SD Beadle 01",2022-03-21,2022-03-22,"00J1BLG",-98.20193,44.5651,"46","46005","Beadle County"
603,"","CEN","Poultry","IND","SD","Beadle 02","PB2 NP","B2.1","","","",2022-04-04,"Commercial","Commercial Turkey Meat Bird","Turkey","SD Beadle 02",2022-03-22,2022-03-23,"00K99ZL",-98.14062,44.4869,"46","46005","Beadle County"
604,"","CEN","Poultry","IND","SD","Beadle 03","PB2 NP","Minor10","","","",2022-04-19,"Commercial","Commercial Turkey Meat Bird","Turkey","SD Beadle 03",2022-04-04,2022-04-05,"00LMRJ9",-97.95757,44.61879,"46","46005","Beadle County"
605,"","CEN","Poultry","IND","SD","Beadle 06","PB2 PB1 NP NS","B3.2","p01","","",2022-12-12,"Commercial","Commercial Turkey Meat Bird","Turkey","SD Beadle 06",2022-11-19,2022-11-22,"00J1BLG",-98.20193,44.5651,"46","46005","Beadle County"
606,"","CEN","Poultry","IND","SD","Beadle 07","PB2 PB1 NP NS","B3.2","p02","","",2022-12-05,"Commercial","Commercial Turkey Meat Bird","Turkey","SD Beadle 07",2022-11-22,2022-11-25,"00K99ZL",-98.14062,44.4869,"46","46005","Beadle County"
607,"ar","CEN","Poultry","IND","SD","Beadle 08","PB2 NP NS","B2.2","p03","","",2022-12-05,"Commercial","Commercial Turkey Meat Bird","Turkey","SD Beadle 08",2022-11-23,2022-11-25,"00LMRJ9",-97.95757,44.61879,"46","46005","Beadle County"
608,"","CEN","Poultry","IND","SD","Beadle 09","PB2 PB1 NP NS","B3.6","p05 p04","","",2023-05-16,"Commercial","Commercial Turkey Meat Bird","Turkey","SD Beadle 09",2023-04-17,2023-04-19,"00S08N1",-97.8983,44.32511,"46","46005","Beadle County"
609,"","CEN","Non","IND","SD","Bon Homme 01","PB2 NP","B2.1","","","",2022-04-04,"Backyard","Backyard Producer","OIE NP","SD Bon Homme 01",2022-03-25,2022-03-26,"00R804P",-97.80725,43.05002,"46","46009","Bon Homme County"
610,"","CEN","Poultry","IND","SD","Bon Homme 02","PB2 NP","B3.1","","","",2022-04-11,"Commercial","Commercial Turkey Meat Bird","Turkey","SD Bon Homme 02",2022-03-27,2022-03-29,"007D6QD",-97.92793,43.09158,"46","46009","Bon Homme County"
611,"","CEN","Non","IND","SD","Brookings 01","PB2 PB1 NP NS","B3.2","","","",2022-12-20,"Backyard","WOAH Non-Poultry","Chicken","SD Brookings 01",2022-11-30,2022-12-01,"005D1WG",-96.77538,44.54379,"46","46011","Brookings County"
612,"","CEN","Poultry","IND","SD","Brule 01","None","A1","","","",2022-04-11,"Commercial","Commercial Turkey Meat Bird","Turkey","SD Brule 01",2022-03-29,2022-03-30,"00834QB",-98.88086,43.6473,"46","46015","Brule County"
613,"an","CEN","Poultry","CSLT","SD","Brule 02","PB2 PB1 NP NS","B3.2","","","linked with York 01-02 NE",2022-11-13,"pheasant","Commercial Upland Gamebird Producer","Pheasant","SD Brule 02",2022-10-04,2022-10-06,"00RP9GA",-99.38772,43.7687,"46","46015","Brule County"
614,"","CEN","Non","IND","SD","Brule 03","PB2 PB1 NP","Minor19","","","",2022-12-05,"Backyard","Backyard Producer","OIE NP","SD Brule 03",2022-11-21,2022-11-23,"00RRUYG",-99.22672,43.74329,"46","46015","Brule County"
615,"","CEN","Poultry","IND","SD","Charles Mix 01","None","A1","","","",2022-03-13,"Commercial","Commercial Turkey Meat Bird","Turkey","SD Charles Mix 01",2022-03-04,2022-03-05,"0080DZI",-98.46413,43.21936,"46","46023","Charles Mix County"
616,"","CEN","Poultry","IND","SD","Charles Mix 02","None","A1","","","",2022-03-20,"Commercial","Commercial Turkey Meat Bird","Turkey","SD Charles Mix 02",2022-03-11,2022-03-12,"00QXS93",-98.64489,43.1917,"46","46023","Charles Mix County"
617,"","CEN","Poultry","IND","SD","Charles Mix 03","PB2 NP","B2.1","","","",2022-04-04,"Commercial","Commercial Turkey Meat Bird","Turkey","SD Charles Mix 03",2022-03-21,2022-03-22,"00J0KB8",-98.142,43.14477,"46","46023","Charles Mix County"
618,"","CEN","Poultry","IND","SD","Charles Mix 04","PB2 NP","B3.1","","","",2022-04-11,"Commercial","Commercial Turkey Meat Bird","Turkey","SD Charles Mix 04",2022-04-01,2022-04-01,"005R9N1",-99.11909,43.48219,"46","46023","Charles Mix County"
619,"","CEN","Poultry","IND","SD","Charles Mix 05","PB2 NP NS","B2.2","p02","","",2022-12-20,"Commercial","Commercial Turkey Meat Bird","Turkey","SD Charles Mix 05",2022-11-28,2022-11-30,"00QXS93",-98.64489,43.1917,"46","46023","Charles Mix County"
620,"","CEN","Poultry","IND","SD","Charles Mix 06","PB2 NP NS","B2.2","p01","","",2022-12-20,"Commercial","Commercial Turkey Meat Bird","Turkey","SD Charles Mix 06",2022-12-01,2022-12-05,"0080DZI",-98.46413,43.21936,"46","46023","Charles Mix County"
621,"","CEN","Poultry","IND","SD","Clark 01","None","A1","","","",2022-04-04,"Commercial","Commercial Turkey Meat Bird","Turkey","SD Clark 01",2022-03-26,2022-03-27,"00R43AV",-97.59671,44.86304,"46","46025","Clark County"
622,"","CEN","Poultry","IND","SD","Clark 02","PB2 NP","B2.1","","","",2022-04-19,"Commercial","Commercial Turkey Meat Bird","Turkey","SD Clark 02",2022-04-04,2022-04-05,"00JJL7Z",-97.66976,44.94484,"46","46025","Clark County"
623,"","CEN","Poultry","IND","SD","Clark 03","PB2 NP","B2.1","","","",2022-04-19,"Commercial","Commercial Turkey Meat Bird","Turkey","SD Clark 03",2022-04-06,2022-04-08,"008HQ25",-97.90844,44.76869,"46","46025","Clark County"
624,"","CEN","Poultry","IND","SD","Clark 04","PB2 NP NS","B2.2","p01","","",2022-10-05,"Commercial","Commercial Turkey Meat Bird","Turkey","SD Clark 04",2022-09-17,2022-09-20,"00R43AV",-97.59671,44.86304,"46","46025","Clark County"
625,"","CEN","Poultry","IND","SD","Clark 05","PB2 NP","B3.1","p02","","",2022-10-05,"Commercial","Commercial Turkey Meat Bird","Turkey","SD Clark 05",2022-09-17,2022-09-20,"00JJL7Z",-97.66976,44.94484,"46","46025","Clark County"
626,"","CEN","Poultry","IND","SD","Clark 06","PB2 NP","B2.1","","","",2022-12-20,"Backyard","WOAH Non-Poultry","Chicken","SD Clark 06",2022-11-30,2022-12-02,"00RS8EP",-97.5326,44.57983,"46","46025","Clark County"
627,"ar","CEN","Poultry","CSLT","SD","Clark 07","PB2 NP NS","B2.2","p03","","",2022-12-20,"Commercial","Commercial Turkey Meat Bird","Turkey","SD Clark 07",2022-12-01,2022-12-05,"008HQ25",-97.90844,44.76869,"46","46025","Clark County"
628,"","CEN","Poultry","IND","SD","Codington 01","PB2 NP","B2.1","","","",2022-05-31,"Backyard","Backyard Producer","Chicken","SD Codington 01",2022-05-19,2022-05-20,"00REPGY",-97.41863,44.92052,"46","46029","Codington County"
629,"","CEN","Poultry","IND","SD","Codington 02","PB2 PB1 NP NS","B3.2","","","",2023-01-29,"Backyard","WOAH Poultry","Chicken","SD Codington 02",2022-12-30,2023-01-05,"00RTEGS",-97.18967,44.81855,"46","46029","Codington County"
630,"","CEN","Poultry","IND","SD","Day 01","PB2 NP","B2.1","","","",2022-05-19,"Backyard","Backyard Producer","Chicken","SD Day 01",2022-05-02,2022-05-04,"00RCJ7M",-97.85681,45.5556,"46","46037","Day County"
631,"","CEN","Poultry","IND","SD","Deuel 01","PB2 NP","B2.1","","","",2022-04-25,"Commercial","Commercial Upland Gamebird Producer","Pheasant","SD Deuel 01",2022-04-12,2022-04-13,"005HWE5",-96.48078,44.74674,"46","46039","Deuel County"
632,"","CEN","Poultry","IND","SD","Edmunds 01","PB2 NP","B2.1","","","",2022-04-04,"Commercial","Commercial Turkey Breeder Hens","Turkey","SD Edmunds 01",2022-03-22,2022-03-23,"00P7Y9Q",-98.9979,45.43125,"46","46045","Edmunds County"
633,"","CEN","Poultry","IND","SD","Edmunds 02","PB2 NP","B2.1","","","",2022-04-11,"Commercial","Commercial Turkey Breeder Hens","Turkey","SD Edmunds 02",2022-03-28,2022-03-29,"00P7YBM",-99.12649,45.34514,"46","46045","Edmunds County"
634,"","CEN","Poultry","IND","SD","Edmunds 03","PB2 NP","B2.1","","","",2022-04-11,"Commercial","Commercial Turkey Breeder Replacement Hens","Turkey","SD Edmunds 03",2022-03-31,2022-04-01,"00P7Y8S",-99.02314,45.53552,"46","46045","Edmunds County"
635,"","CEN","Poultry","IND","SD","Edmunds 04","PB2 NP","B2.1","","","",2022-04-19,"Commercial","Commercial Turkey Meat Bird","Turkey","SD Edmunds 04",2022-04-07,2022-04-08,"00D98F2",-98.997,45.37526,"46","46045","Edmunds County"
636,"","CEN","Poultry","IND","SD","Edmunds 05","PB2 NP NS","B2.2","p04","","",2022-12-05,"Commercial","Commercial Turkey Meat Bird","Turkey","SD Edmunds 05",2022-11-17,2022-11-21,"00D98F2",-98.997,45.37526,"46","46045","Edmunds County"
637,"","CEN","Poultry","IND","SD","Faulk 01","PB2 NP","B2.1","","","",2022-04-19,"Commercial","Commercial Turkey Meat Bird","Turkey","SD Faulk 01",2022-04-03,2022-04-05,"00J1VSV",-99.04479,45.12308,"46","46049","Faulk County"
638,"","CEN","Poultry","IND","SD","Faulk 02","PB2 PB1 NP NS","B3.2","p01","","",2022-12-05,"Commercial","Commercial Turkey Meat Bird","Turkey","SD Faulk 02",2022-11-21,2022-11-23,"00J1VSV",-99.04479,45.12308,"46","46049","Faulk County"
639,"","CEN","Non","IND","SD","Grant 01","PB2 PB1 NP NS","B3.2","","","",2022-11-13,"Backyard","Backyard Producer","OIE NP","SD Grant 01",2022-10-21,2022-10-25,"00RQD62",-96.79401,45.09921,"46","46051","Grant County"
640,"","CEN","Poultry","IND","SD","Gregory 01","PB2 PB1 NP NS","B3.2","","","not linked to NE",2022-10-30,"pheasant","Commercial Upland Gamebird Producer","Pheasant","SD Gregory 01",2022-10-06,2022-10-11,"00RPFZK",-99.47469,43.34332,"46","46053","Gregory County"
641,"an","CEN","Poultry","IND","SD","Gregory 02","PB2 PB1 NP NS","B3.2","","","linked with York 01-02 NE",2022-11-28,"pheasant","Commercial Upland Gamebird Producer","Pheasant","SD Gregory 02",2022-10-28,2022-11-01,"00RQRJT",-99.49092,43.40078,"46","46053","Gregory County"
642,"","CEN","Non","IND","SD","Hamlin 01","PB2 NP","B2.1","","","",2022-05-19,"Backyard","Backyard Producer","OIE NP","SD Hamlin 01",2022-05-02,2022-05-04,"00RCV0L",-97.45219,44.75893,"46","46057","Hamlin County"
643,"","CEN","Non","IND","SD","Hamlin 02","PB2 NP NS","B2.2","","","",2022-10-30,"Backyard","Backyard Producer","OIE NP","SD Hamlin 02",2022-10-07,2022-10-12,"00RPHCL",-97.4329,44.57112,"46","46057","Hamlin County"
644,"","CEN","Poultry","IND","SD","Hamlin 03","PB2 NP NS","B2.2","","","",2022-12-20,"Commercial","Commercial Turkey Meat Bird","Turkey","SD Hamlin 03",2022-11-28,2022-11-30,"00J0EVR",-96.95347,44.71503,"46","46057","Hamlin County"
645,"","CEN","Poultry","IND","SD","Hamlin 04","PB2 PB1 NP NS","B3.2","","","",2022-12-20,"Commercial","Commercial Turkey Meat Bird","Turkey","SD Hamlin 04",2022-12-06,2022-12-08,"00J1NQU",-96.89785,44.64138,"46","46057","Hamlin County"
646,"","CEN","Poultry","IND","SD","Hanson 01","PB2 NP","B3.1","","","",2022-03-27,"Commercial","Commercial Turkey Meat Bird","Turkey","SD Hanson 01",2022-03-17,2022-03-18,"005I8UQ",-97.74617,43.51018,"46","46061","Hanson County"
647,"","CEN","Poultry","IND","SD","Hanson 02","PB2 PB1 NP","B3.2","","","",2022-04-04,"Commercial","Commercial Turkey Meat Bird","Turkey","SD Hanson 02",NA,NA,"00CY893",-97.87973,43.67352,"46","46061","Hanson County"
648,"at","CEN","Poultry","IND","SD","Hanson 03","PB2 NP NS","B2.2","p02","","",2022-12-20,"Commercial","Commercial Turkey Meat Bird","Turkey","SD Hanson 03",2022-11-25,NA,"00CY893",-97.87973,43.67352,"46","46061","Hanson County"
649,"at","CEN","Poultry","CSLT","SD","Hanson 04","PB2 NP NS","B2.2","","","",2023-01-10,"Commercial","Commercial Turkey Meat Bird","Turkey","SD Hanson 04",2022-12-08,2022-12-12,"006SBN4",-97.84262,43.5828,"46","46061","Hanson County"
650,"at","CEN","Poultry","CSLT","SD","Hanson 05","PB2 NP NS","B2.2","","","",2023-01-10,"Commercial","Commercial Turkey Meat Bird","Turkey","SD Hanson 05",2022-12-14,2022-12-20,"00CEMGP",-97.87403,43.62618,"46","46061","Hanson County"
651,"","CEN","Poultry","INR","SD","Hutchinson 01","PB2 NP","B2.1","","","",2022-03-27,"Commercial","Commercial Turkey Meat Bird","Turkey","SD Hutchinson 01",2022-03-19,2022-03-20,"00DYCC2",-97.82935,43.48873,"46","46067","Hutchinson County"
652,"","CEN","Poultry","IND","SD","Hutchinson 02","NP","B5.1","","","",2022-04-04,"Commercial","Commercial Turkey Meat Bird","Turkey","SD Hutchinson 02",2022-03-24,2022-03-25,"00CEPGD",-97.7965,43.49566,"46","46067","Hutchinson County"
653,"","CEN","Poultry","IND","SD","Hutchinson 03","PB2 NP","B2.1","","","",2022-04-04,"Commercial","Commercial Turkey Meat Bird","Turkey","SD Hutchinson 03",2022-03-26,2022-03-27,"0084DDS",-97.64696,43.17474,"46","46067","Hutchinson County"
654,"","CEN","Poultry","IND","SD","Jerauld 01","PB2 NP","B2.1","","","",2022-04-04,"Commercial","Commercial Turkey Meat Bird","Turkey","SD Jerauld 01",2022-03-23,2022-03-24,"00549DM",-98.88199,44.04236,"46","46073","Jerauld County"
655,"","CEN","Poultry","IND","SD","Kingsbury 01","NP","B5.1","","","",2022-03-27,"Commercial","Commercial Turkey Meat Bird","Turkey","SD Kingsbury 01",2022-03-17,2022-03-18,"00R6861",-97.17724,44.23524,"46","46077","Kingsbury County"
656,"","CEN","Poultry","IND","SD","Kingsbury 02","PB2 PB1 NP","B3.2","","","",2022-04-04,"Commercial","Commercial Table Egg Layer","Chicken","SD Kingsbury 02",2022-03-22,2022-03-23,"00R6845",-97.17179,44.23543,"46","46077","Kingsbury County"
657,"","CEN","Non","IND","SD","Kingsbury 03","PB2 NP NS","B2.2","","","",2022-10-05,"Backyard","Backyard Producer","OIE NP","SD Kingsbury 03",2022-09-20,2022-09-22,"00RNJSY",-97.51052,44.33021,"46","46077","Kingsbury County"
658,"","CEN","Non","IND","SD","Kingsbury 04","PB2 PB1 NP NS","B3.2","","","",2022-12-20,"Backyard","WOAH Non-Poultry","Chicken","SD Kingsbury 04",2022-12-05,2022-12-07,"00LD3C8",-97.1493,44.2688,"46","46077","Kingsbury County"
659,"","CEN","Poultry","IND","SD","Lake 01","NP","Minor12","","","",2022-04-11,"Commercial","Commercial Turkey Meat Bird","Turkey","SD Lake 01",2022-04-01,2022-04-02,"00JJZW3",-97.08897,43.87065,"46","46079","Lake County"
660,"","CEN","Poultry","IND","SD","Lake 02","PB2 NP NS","B2.2","p01","","",2022-12-20,"Commercial","Commercial Turkey Meat Bird","Turkey","SD Lake 02",2022-11-30,2022-12-01,"00JJZW3",-97.08897,43.87065,"46","46079","Lake County"
661,"","CEN","Poultry","IND","SD","McPherson 01","PB2 NP","B2.1","","","",2022-04-04,"Commercial","Commercial Turkey Meat Bird","Turkey","SD McPherson 01",2022-03-26,2022-03-27,"00N3VQT",-99.50569,45.6329,"46","46089","McPherson County"
662,"","CEN","Poultry","IND","SD","McPherson 02","PB2 NP","B2.1","","","",2022-04-11,"Commercial","Commercial Turkey Breeder Hens","Turkey","SD McPherson 02",2022-03-30,2022-03-31,"00P7Y15",-99.09477,45.60477,"46","46089","McPherson County"
663,"","CEN","Poultry","IND","SD","McPherson 03","PB2 NP","B2.1","","","",2022-04-19,"Commercial","Commercial Turkey Meat Bird","Turkey","SD McPherson 03",2022-04-03,2022-04-04,"007JGO3",-98.83121,45.60453,"46","46089","McPherson County"
664,"","CEN","Poultry","IND","SD","McPherson 04","PB2 NP","B2.1","","","",2022-04-19,"Commercial","Commercial Turkey Meat Bird","Turkey","SD McPherson 04",2022-04-05,2022-04-06,"00D0RLL",-98.88031,45.90733,"46","46089","McPherson County"
665,"","CEN","Poultry","IND","SD","McPherson 05","PB2 NP NS","B2.2","","","",2022-10-05,"Commercial","Commercial Turkey Meat Bird","Turkey","SD McPherson 05",2022-09-22,2022-09-24,"005I8SU",-98.78719,45.66508,"46","46089","McPherson County"
666,"","CEN","Poultry","IND","SD","Moody 01","PB2 PB1 NP NS","B3.2","","","",2023-01-10,"Commercial","Commercial Table Egg Layer","Chicken","SD Moody 01",2022-12-10,2022-12-14,"00DCZTL",-96.58507,44.15768,"46","46101","Moody County"
667,"","CEN","Poultry","IND","SD","Roberts 01","PB2 PB1 PA NP","B1.3","","","",2022-11-13,"Commercial","Commercial Breeder Operation","Goose","SD Roberts 01",2022-10-17,2022-10-19,"00CUG4D",-97.08762,45.6492,"46","46109","Roberts County"
668,"","CEN","Poultry","IND","SD","Spink 01","PB2 NP","B2.1","","","",2022-04-11,"Commercial","Commercial Turkey Meat Bird","Turkey","SD Spink 01",2022-03-27,2022-03-29,"004G1BB",-98.28687,44.79835,"46","46115","Spink County"
669,"","CEN","Poultry","IND","SD","Spink 02","None","A1","","","",2022-04-11,"Commercial","Commercial Turkey Meat Bird","Turkey","SD Spink 02",2022-04-01,2022-04-02,"008SBL7",-98.05,44.73844,"46","46115","Spink County"
670,"","CEN","Poultry","IND","SD","Spink 03","PB2 NP","B2.1","","","",2022-04-19,"Commercial","Commercial Turkey Meat Bird","Turkey","SD Spink 03",2022-04-04,2022-04-05,"00HZM3J",-97.98037,44.78942,"46","46115","Spink County"
671,"","CEN","Non","IND","SD","Spink 04","PB2 PB1 NP NS","B3.2","","","",2022-11-13,"Backyard","Backyard Producer","OIE NP","SD Spink 04",2022-10-18,2022-10-20,"00RQ5HC",-98.53315,45.15915,"46","46115","Spink County"
672,"","CEN","Poultry","IND","SD","Spink 05","PB2 PB1 NP NS","B3.2","p02","","",2022-12-05,"Commercial","Commercial Turkey Meat Bird","Turkey","SD Spink 05",2022-11-22,2022-11-25,"008SBL7",-98.05,44.73844,"46","46115","Spink County"
673,"","CEN","Poultry","IND","SD","Spink 06","PB2 PB1 NP NS","B3.2","p01","","",2022-12-20,"Commercial","Commercial Turkey Meat Bird","Turkey","SD Spink 06",2022-11-24,NA,"004G1BB",-98.28687,44.79835,"46","46115","Spink County"
674,"","CEN","Poultry","IND","SD","Spink 07","PB2 PB1 NP NS","B3.2","","","",2023-01-10,"Backyard","WOAH Poultry","Chicken","SD Spink 07",2022-12-09,2022-12-14,"00RSSSS",-98.21951,44.66439,"46","46115","Spink County"
675,"","CEN","Poultry","IND","SD","Spink 08","PB2 PB1 NP NS","B3.4","","","",2023-04-10,"Commercial","Commercial Upland Gamebird Producer","Pheasant","SD Spink 08",2023-03-20,2023-03-22,"00RY32N",-98.65528,45.06611,"46","46115","Spink County"
676,"","CEN","Non","IND","SD","Turner 01","PB2 PB1 NP NS","B3.2","","","",2022-12-05,"Backyard","Backyard Producer","OIE NP","SD Turner 01",2022-11-22,2022-11-25,"00M88PT",-97.39166,43.28562,"46","46125","Turner County"
677,"","CEN","Poultry","IND","SD","Yankton 01","PB2 NP","B2.1","","","",2022-04-19,"Commercial","Commercial Turkey Meat Bird","Turkey","SD Yankton 01",2022-04-08,2022-04-09,"003U419",-97.48875,43.1104,"46","46135","Yankton County"
678,"","MISS","Poultry","IND","TN","Bledsoe 01","PB2 PB1 NP","B1.1","","","",2022-12-05,"Commercial","Commercial Broiler Breeder","Chicken","TN Bledsoe 01",2022-11-12,2022-11-15,"00FSEG2",-85.11042,35.65858,"47","47007","Bledsoe County"
679,"","MISS","Non","IND","TN","Davidson 01","PB2 PB1 PA NP","B1.3","","","",2022-12-05,"Backyard","Backyard Producer","OIE NP","TN Davidson 01",2022-11-22,2022-11-23,"00JWB9A",-86.64225,35.9751,"47","47037","Davidson County"
680,"","MISS","Poultry","IND","TN","Obion 01","PB2 PB1 PA NP","B1.3","","","",2022-09-26,"Backyard","Backyard Producer","Poultry","TN Obion 01",2022-09-14,2022-09-15,"00RN56R",-89.23379,36.45787,"47","47131","Obion County"
681,"","MISS","Non","IND","TN","Tipton 01","PB2 PB1 PA NP","B1.3","","","",2023-01-29,"Backyard","Backyard Producer","OIE NP","TN Tipton 01",2022-10-28,2022-10-31,"00RQUAZ",-89.6933,35.43074,"47","47167","Tipton County"
682,"","MISS","Poultry","IND","TN","Weakley 01","PB2 NP NS","B2.2","","","",2023-01-10,"Backyard","WOAH Poultry","Chicken","TN Weakley 01",2022-12-12,2022-12-14,"00RSTZA",-88.6503,36.3298,"47","47183","Weakley County"
683,"as","MISS","Poultry","IND","TN","Weakley 02","PB2 NP NS","B2.2","","","Likely common source or lateral transmission: epidemiologic information from state, delayed confirmation and response, and geographic proximity support the phylogenetics",2023-01-10,"Backyard","WOAH Poultry","Chicken","TN Weakley 02",2022-12-20,2022-12-21,"00QXY9G",-88.66036,36.32031,"47","47183","Weakley County"
684,"as","MISS","Poultry","CSLT","TN","Weakley 03","PB2 NP NS","B2.2","","","likely from 02",2023-01-10,"Commercial","Commercial Broiler Breeder","Chicken","TN Weakley 03",2022-12-26,2022-12-28,"00PZ1HN",-88.7274,36.32968,"47","47183","Weakley County"
685,"as","MISS","Poultry","CSLT","TN","Weakley 04","PB2 NP NS","B2.2","","","likely from 02",2023-01-10,"Commercial","Commercial Broiler Breeder","Chicken","TN Weakley 04",2022-12-26,2022-12-28,"00N731H",-88.6789,36.31814,"47","47183","Weakley County"
686,"","MISS","Poultry","INR","TN","Weakley 05","PB2 NP NS","B2.2","","AS","Per the state, geographical proximity, no epi links, likely independent wild bird source",2023-02-13,"CHICKEN","Commercial","Commercial Broiler Production","TN Weakley 05",2023-01-19,2023-01-20,"00QU7BZ",-88.72922,36.14641,"47","47183","Weakley County"
687,"","CEN","Non","IND","TX","Dallas 01","PB2 NP","B2.1","","","",2022-10-05,"Backyard","Backyard Producer","OIE NP","TX Dallas 01",2022-09-22,2022-09-24,"00RNHLJ",-96.82465,32.88662,"48","48113","Dallas County"
688,"","CEN","Non","IND","TX","Denton 01","PB2 PB1 NP NS","B3.2","","","",2022-12-20,"Backyard","WOAH Non-Poultry","Chicken","TX Denton 01",2022-12-02,2022-12-06,"00RSDUC",-97.01479,33.27207,"48","48121","Denton County"
689,"","CEN","Poultry","IND","TX","Erath 01","None","A1","","","",2022-04-11,"Commercial","Commercial Upland Gamebird Producer","Pheasant","TX Erath 01",2022-04-01,2022-04-02,"00NH425",-98.41864,32.49275,"48","48143","Erath County"
690,"","CEN","Non","IND","TX","Hale 01","PB2 NP NS","B2.2","","","",2023-04-10,"Backyard","WOAH Non-Poultry","Chicken","TX Hale 01",2023-03-21,2023-03-22,"00ENJJW",-101.90034,34.19616,"48","48189","Hale County"
691,"","CEN","Poultry","IND","TX","Lampasas 01","PB2 PB1 NP NS","B3.2","","","",2023-02-13,"BYF-TURKEY","Backyard","WOAH Poultry","TX Lampasas 01",2023-01-17,2023-01-18,"00RU0RF",-98.06693,31.10197,"48","48281","Lampasas County"
692,"","CEN","Non","IND","TX","Rockwall 01","PB2 PB1 NP NS","B3.2","","","",2022-11-13,"Backyard","Backyard Producer","OIE NP","TX Rockwall 01",2022-10-19,2022-10-19,"008432K",-96.36853,32.87057,"48","48397","Rockwall County"
693,"","PAC","Poultry","IND","UT","Cache 01","None","A1","","","",2022-05-09,"Commercial","Commercial Table Egg Layer","Chicken","UT Cache 01",2022-04-21,2022-04-25,"00LFAWT",-111.89478,41.92738,"49","49005","Cache County"
694,"","PAC","Non","IND","UT","Cache 02","PB2 PB1 NP NS","B3.2","","","",2022-05-23,"Backyard","Backyard Producer","OIE NP","UT Cache 02",2022-05-10,2022-05-11,"00E6X18",-111.8602,41.71063,"49","49005","Cache County"
695,"","PAC","Non","IND","UT","Cache 03","PB2 NP NS","B2.2","","","",2022-11-13,"Backyard","Backyard Producer","OIE NP","UT Cache 03",2022-09-30,2022-10-03,"00RP4ZR",-111.81785,41.78568,"49","49005","Cache County"
696,"","PAC","Poultry","IND","UT","Iron 01","PB2 PB1 NP NS","B3.2","","","",2022-12-20,"Backyard","Backyard Producer","Poultry","UT Iron 01",2022-11-23,NA,"00RRX6L",-113.74759,37.79507,"49","49021","Iron County"
697,"","PAC","Non","IND","UT","Salt Lake 01","PB2 PB1 NP NS","B3.2","","","",2022-05-31,"Backyard","Backyard Producer","OIE NP","UT Salt Lake 01",2022-05-16,2022-05-17,"00REA91",-111.99753,40.69042,"49","49035","Salt Lake County"
698,"","PAC","Non","IND","UT","Salt Lake 02","PB2 PB1 NP NS","B3.2","","","",2022-06-27,"Other","Petting Zoo/Exhibition Farm","OIE NP","UT Salt Lake 02",2022-06-10,2022-06-13,"00RGKC9",-111.92425,40.60941,"49","49035","Salt Lake County"
699,"","PAC","Non","IND","UT","Salt Lake 03","PB2 PB1 NP NS","B3.2","","","",2022-07-25,"Backyard","Backyard Producer","OIE NP","UT Salt Lake 03",2022-06-30,2022-07-01,"00RHK0P",-111.93365,40.50996,"49","49035","Salt Lake County"
700,"u","PAC","Poultry","IND","UT","Sanpete 01","PB2 NP NS","B2.2","","","",2022-07-30,"Commercial","Commercial Turkey Meat Bird","Turkey","UT Sanpete 01",2022-07-13,2022-07-14,"00RJ403",-111.61757,39.52365,"49","49039","Sanpete County"
701,"u","PAC","Poultry","CSLT","UT","Sanpete 02","PB2 NP NS","B2.2","","","",2022-07-30,"Commercial","Commercial Turkey Meat Bird","Turkey","UT Sanpete 02",2022-07-18,2022-07-19,"00M78JE",-111.63493,39.47695,"49","49039","Sanpete County"
702,"","PAC","Poultry","INR","UT","Sanpete 03","PB2 NP NS","B2.2","","u","Based on sequence, possible common source to SP01 and 02",2022-07-30,"Commercial","Commercial Turkey Meat Bird","Turkey","UT Sanpete 03",2022-07-24,2022-07-26,"00RJ90K",-111.62968,39.52363,"49","49039","Sanpete County"
703,"ab","PAC","Poultry","IND","UT","Sanpete 04","PB2 PB1 NP NS","B3.2","","","",2022-09-26,"Commercial","Commercial Turkey Meat Bird","Turkey","UT Sanpete 04",2022-09-12,2022-09-13,"00RJ8XU",-111.57225,39.47493,"49","49039","Sanpete County"
704,"","PAC","Poultry","IND","UT","Sanpete 05","PB2 NP NS","B2.2","","","",2022-10-05,"Commercial","Commercial Turkey Meat Bird","Turkey","UT Sanpete 05",2022-09-19,2022-09-20,"00LU4Z5",-111.59269,39.34034,"49","49039","Sanpete County"
705,"ab","PAC","Poultry","CSLT","UT","Sanpete 06","PB2 PB1 NP NS","B3.2","","","",2022-10-05,"Commercial","Commercial Turkey Meat Bird","Turkey","UT Sanpete 06",2022-09-20,2022-09-21,"00M2F5H",-111.6555,39.2766,"49","49039","Sanpete County"
706,"ab","PAC","Poultry","CSLT","UT","Sanpete 07","PB2 PB1 NP NS","B3.2","","","",2022-10-17,"Commercial","Commercial Turkey Meat Bird","Turkey","UT Sanpete 07",2022-09-26,2022-09-27,"00LVVE3",-111.65991,39.25524,"49","49039","Sanpete County"
707,"ab","PAC","Poultry","CSLT","UT","Sanpete 08","PB2 PB1 NP NS","B3.2","","","",2022-10-17,"Commercial","Commercial Turkey Meat Bird","Turkey","UT Sanpete 08",2022-09-26,2022-09-27,"00RCMCZ",-111.68109,39.25484,"49","49039","Sanpete County"
708,"","PAC","Poultry","INR","UT","Sanpete 09","PB2 NP NS","B2.2","","","",2022-10-17,"Commercial","Commercial Turkey Meat Bird","Turkey","UT Sanpete 09",2022-09-27,2022-09-28,"00M77A0",-111.60209,39.56071,"49","49039","Sanpete County"
709,"ab","PAC","Poultry","CSLT","UT","Sanpete 10","PB2 PB1 NP NS","B3.2","","","",2022-10-17,"Commercial","Commercial Turkey Meat Bird","Turkey","UT Sanpete 10",2022-09-29,2022-09-29,"00RJ93E",-111.56422,39.53558,"49","49039","Sanpete County"
710,"ab","PAC","Poultry","CSLT","UT","Sanpete 11","PB2 PB1 NP NS","B3.2","","","",2022-10-17,"Commercial","Commercial Turkey Meat Bird","Turkey","UT Sanpete 11",2022-09-29,2022-09-29,"00RJ9BX",-111.60282,39.59295,"49","49039","Sanpete County"
711,"ab","PAC","Poultry","CSLT","UT","Sanpete 12","PB2 PB1 NP NS","B3.2","","","",2022-10-17,"Commercial","Commercial Turkey Meat Bird","Turkey","UT Sanpete 12",2022-10-06,2022-10-07,"00RJ58K",-111.59336,39.54539,"49","49039","Sanpete County"
712,"ab","PAC","Poultry","CSLT","UT","Sanpete 13","PB2 PB1 NP NS","B3.2","","","",2022-10-17,"Commercial","Commercial Turkey Meat Bird","Turkey","UT Sanpete 13",2022-10-06,2022-10-07,"00M2KHA",-111.57242,39.53055,"49","49039","Sanpete County"
713,"ab","PAC","Poultry","CSLT","UT","Sanpete 14","PB2 PB1 NP NS","B3.2","","","",2022-10-30,"Commercial","Commercial Turkey Meat Bird","Turkey","UT Sanpete 14",2022-10-11,2022-10-12,"00M7Y9Z",-111.59264,39.55981,"49","49039","Sanpete County"
714,"ab","PAC","Poultry","CSLT","UT","Sanpete 15","PB2 PB1 NP NS","B3.2","","","",2022-10-30,"Commercial","Commercial Turkey Meat Bird","Turkey","UT Sanpete 15",2022-10-12,2022-10-13,"00M68EW",-111.62714,39.58622,"49","49039","Sanpete County"
715,"","PAC","Poultry","IND","UT","Sanpete 16","PB2 NP NS","B2.2","","","",2022-11-13,"Commercial","Commercial Turkey Meat Bird","Turkey","UT Sanpete 16",2022-10-14,2022-10-18,"00LSLCY",-111.64532,39.54224,"49","49039","Sanpete County"
716,"ab","PAC","Poultry","CSLT","UT","Sanpete 17","PB2 PB1 NP NS","B3.2","","","",2022-11-13,"Commercial","Commercial Turkey Meat Bird","Turkey","UT Sanpete 17",2022-10-18,2022-10-19,"00LPPU6",-111.63027,39.61758,"49","49039","Sanpete County"
717,"ab","PAC","Poultry","CSLT","UT","Sanpete 18","PB2 PB1 NP NS","B3.2","","","",2022-11-13,"Commercial","Commercial Turkey Meat Bird","Turkey","UT Sanpete 18",2022-10-23,2022-10-25,"00M7767",-111.5903,39.55805,"49","49039","Sanpete County"
718,"","PAC","Non","IND","UT","Utah 01","PB2 NP","B2.1","","","",2022-04-25,"Backyard","Backyard Producer","OIE NP","UT Utah 01",2022-04-14,2022-04-15,"00RAHS4",-111.66816,40.28352,"49","49049","Utah County"
719,"","PAC","Poultry","IND","UT","Utah 02","PB2 NP","B4.1","","","",2023-01-29,"Other","Petting Zoo/Exhibition Farm","OIE NP","UT Utah 02",2022-11-17,2022-11-18,"00RRUCN",-111.75099,40.40093,"49","49049","Utah County"
720,"","PAC","Non","IND","UT","Weber 01","PB2 NP NS","B2.2","","","",2022-09-06,"Backyard","Backyard Producer","OIE NP","UT Weber 01",2022-08-23,2022-08-24,"00RLRMU",-112.10569,41.31014,"49","49057","Weber County"
721,"AX","ATL","Poultry","CSLT","VA","Alexandria 01","PB2 PB1 NP NS","B3.3","","","",2023-03-15,"LBM-DUCK","Other","Live Bird Sales / Slaughter","VA Alexandria 01",2023-02-22,2023-02-23,"00RW6F1",-77.08622,38.80731,"51","51510","Alexandria city"
722,"","ATL","Poultry","IND","VA","Caroline 01","PB2 PB1 NP","B1.1","","","",2022-09-12,"Backyard","Non Animal Production","OIE NP","VA Caroline 01",2022-08-27,2022-08-29,"00RLZJ6",-77.36569,38.08095,"51","51033","Caroline County"
723,"","ATL","Non","IND","VA","Fauquier 01","None","A1","","","",2022-03-06,"Backyard","Backyard Producer","OIE NP","VA Fauquier 01",2022-02-11,2022-02-12,"00R3Q2X",-77.71235,38.63065,"51","51061","Fauquier County"
724,"","ATL","Non","IND","VA","Gloucester 01","PB2 PB1 NP","B1.1","","","",2022-12-05,"Backyard","Backyard Producer","OIE NP","VA Gloucester 01",2022-11-04,2022-11-07,"00RR2FK",-76.49024,37.3712,"51","51073","Gloucester County"
725,"","ATL","Non","IND","VA","Hampton 01","PB2 PB1 PA NP","B1.3","","","",2022-11-13,"Other","Petting Zoo/Exhibition Farm","OIE NP","VA Hampton 01",2022-10-05,2022-10-06,"00RPC2Q",-76.38783,37.0334,"51","51650","Hampton city"
726,"","ATL","Poultry","IND","VA","Rockingham 01","PB2 PB1 PA NP","B1.3","","av","Per the state, geographical proximity, no epi links, increased wild bird activity",2023-02-13,"TURKEY","Commercial","Commercial Turkey Meat Bird","VA Rockingham 01",2023-01-18,2023-01-19,"00M6TQT",-78.97645,38.49434,"51","51165","Rockingham County"
727,"","ATL","Poultry","INR","VA","Rockingham 02","PB2 PB1 PA NP","B1.3","","AV","Per the state, geographical proximity, no epi links, increased wild bird activity",2023-02-13,"TURKEY","Commercial","Commercial Turkey Meat Bird","VA Rockingham 02",2023-01-24,2023-01-25,"00KJP75",-79.01885,38.46497,"51","51165","Rockingham County"
728,"","ATL","Non","INR","VA","Rockingham 03","PB2 PB1 PA NP","B1.3","","","",2023-03-21,"Backyard","WOAH Non-Poultry","Assorted Pet Birds","VA Rockingham 03",2023-03-06,2023-03-07,"00RWZKH",-78.87401,38.60411,"51","51165","Rockingham County"
729,"","ATL","Non","IND","VA","Southampton 01","PB2 PB1 NP","B1.1","","","",2022-11-13,"Backyard","Backyard Producer","OIE NP","VA Southampton 01",2022-10-21,2022-10-22,"00RQHBD",-76.85747,36.86419,"51","51175","Southampton County"
730,"","ATL","Non","IND","VA","Virginia Beach 01","PB2 PB1 PA NP","B1.3","","","",2022-11-13,"Backyard","Backyard Producer","OIE NP","VA Virginia Beach 01",2022-10-19,2022-10-20,"00RQCM9",-76.21777,36.82446,"51","51810","Virginia Beach city"
731,"","ATL","Non","IND","VT","Lamoille 01","PB2 PB1 PA NP","B1.3","","","",2022-12-20,"Backyard","WOAH Non-Poultry","Chicken","VT Lamoille 01",NA,2022-12-06,"00RSG0N",-72.51881,44.52439,"50","50015","Lamoille County"
732,"","PAC","Non","IND","WA","Benton 01","PB2 PB1 NP NS","B3.2","","","",2023-03-03,"BYF-CHICKEN","Backyard","WOAH Non-Poultry","WA Benton 01",2023-02-10,2023-02-14,"00RVM7X",-119.29276,46.20639,"53","53005","Benton County"
733,"","PAC","Non","IND","WA","Clallam 01","PB2 NP","B4.1","","","",2022-05-23,"Backyard","Backyard Producer","OIE NP","WA Clallam 01",2022-05-11,2022-05-11,"00RDNK7",-123.19351,48.13013,"53","53009","Clallam County"
734,"","PAC","Non","IND","WA","Clallam 02","PB2 NP","B4.1","","","",2022-05-23,"Backyard","Backyard Producer","OIE NP","WA Clallam 02",2022-05-12,2022-05-11,"00RDNYG",-123.11828,48.05656,"53","53009","Clallam County"
735,"","PAC","Non","IND","WA","Cowlitz 01","PB2 NP","B4.1","","","",2022-09-06,"Backyard","Backyard Producer","OIE NP","WA Cowlitz 01",2022-08-24,2022-08-26,"00RLRRK",-122.98965,46.18232,"53","53015","Cowlitz County"
736,"","PAC","Poultry","IND","WA","Franklin 01","PB2 PB1 NP NS","B3.2","","","",2023-01-10,"Commercial","Commercial Table Egg Layer","Chicken","WA Franklin 01",2022-12-09,2022-12-14,"00R3FPV",-119.04128,46.39772,"53","53021","Franklin County"
737,"","PAC","Non","IND","WA","Jefferson 01","PB2 NP","B4.1","","","",2022-07-25,"Backyard","Backyard Producer","OIE NP","WA Jefferson 01",2022-07-01,2022-07-06,"00RHHVE",-122.73122,47.92941,"53","53031","Jefferson County"
738,"","PAC","Non","IND","WA","Jefferson 02","PB2 NP","B2.1","","","",2022-08-05,"Backyard","Backyard Producer","OIE NP","WA Jefferson 02",2022-07-22,2022-07-26,"00RJGPC",-122.69732,47.96507,"53","53031","Jefferson County"
739,"","PAC","Non","IND","WA","King 01","PB2 NP","B4.1","","","",2022-06-04,"Backyard","Backyard Producer","OIE NP","WA King 01",2022-05-24,2022-05-24,"00RF1ZC",-122.27332,47.33571,"53","53033","King County"
740,"","PAC","Non","IND","WA","King 02","PB2 NP","B4.1","","","",2022-06-04,"Backyard","Backyard Producer","OIE NP","WA King 02",2022-05-24,2022-05-24,"00RF6JQ",-122.2563,47.34482,"53","53033","King County"
741,"","PAC","Poultry","IND","WA","King 04","PB2 NP","B2.1","","","",2022-06-18,"Backyard","Backyard Producer","Poultry","WA King 04",2022-06-05,2022-06-07,"00RG4XX",-122.24252,47.76917,"53","53033","King County"
742,"","PAC","Non","IND","WA","King 05","PB2 NP","B2.1","","","",2022-07-08,"Backyard","Backyard Producer","OIE NP","WA King 05",2022-06-17,2022-06-22,"00RGX1G",-122.22626,47.75527,"53","53033","King County"
743,"","PAC","Non","IND","WA","King 06","PB2 NP","B2.1","","","",2022-07-08,"Backyard","Backyard Producer","OIE NP","WA King 06",2022-06-18,2022-06-22,"00RH0E7",-122.28032,47.69967,"53","53033","King County"
744,"","PAC","Poultry","IND","WA","King 07","PB2 NP","B4.1","","","",2022-07-25,"Backyard","Backyard Producer","Poultry","WA King 07",2022-06-29,2022-07-01,"00RHDP5",-122.01636,47.23561,"53","53033","King County"
745,"","PAC","Non","IND","WA","Kitsap 01","PB2 NP","B4.1","","","",2022-07-25,"Backyard","Backyard Producer","OIE NP","WA Kitsap 01",2022-06-29,2022-07-01,"00RHDN9",-122.56848,47.64298,"53","53035","Kitsap County"
746,"","PAC","Non","INR","WA","Kitsap 02","PB2 NP","B4.1","","","",2022-09-19,"Backyard","Backyard Producer","OIE NP","WA Kitsap 02",2022-08-17,2022-08-19,"00RLDVV",-122.64848,47.41177,"53","53035","Kitsap County"
747,"","PAC","Non","IND","WA","Okanogan 01","PB2 NP","B4.1","","","",2022-05-23,"Backyard","Backyard Producer","OIE NP","WA Okanogan 01",2022-05-12,2022-05-12,"00RDU3B",-119.58562,48.39132,"53","53047","Okanogan County"
748,"","PAC","Poultry","IND","WA","Pacific 01","PB2 NP","B4.1","","","",2022-05-19,"Backyard","Backyard Producer","Poultry","WA Pacific 01",2022-05-04,2022-05-05,"00RD0NJ",-123.99792,46.71205,"53","53049","Pacific County"
749,"","PAC","Non","IND","WA","Pierce 01","PB2 NP","B2.1","","","",2022-05-23,"Backyard","Backyard Producer","OIE NP","WA Pierce 01",2022-05-11,2022-05-10,"00RDFFE",-122.42711,46.90969,"53","53053","Pierce County"
750,"","PAC","Non","IND","WA","Pierce 02","PB2 NP","B4.1","","","",2022-05-23,"Backyard","Backyard Producer","OIE NP","WA Pierce 02",2022-05-10,2022-05-10,"00RDFEG",-122.52328,46.98529,"53","53053","Pierce County"
751,"","PAC","Non","IND","WA","Pierce 03","PB2 NP","B4.1","","","",2022-07-25,"Backyard","Backyard Producer","OIE NP","WA Pierce 03",2022-06-22,2022-06-24,"00RH0H1",-122.23675,47.10318,"53","53053","Pierce County"
752,"","PAC","Non","IND","WA","Pierce 04","PB2 NP","B4.1","","","",2022-09-06,"Backyard","Backyard Producer","OIE NP","WA Pierce 04",2022-08-23,2022-08-25,"00RLR2X",-122.31204,47.00519,"53","53053","Pierce County"
753,"","PAC","Non","IND","WA","Pierce 05","PB2 NP","B4.1","","","",2022-09-26,"Backyard","Backyard Producer","OIE NP","WA Pierce 05",2022-09-14,2022-09-16,"00RN1N9",-122.40295,47.08977,"53","53053","Pierce County"
754,"","PAC","Non","IND","WA","Pierce 06","PB2 PB1 NP NS","B3.2","","","",2023-01-29,"Backyard","WOAH Non-Poultry","Chicken","WA Pierce 06",2022-12-20,2022-12-29,"00RT6EP",-122.26933,47.0293,"53","53053","Pierce County"
755,"","PAC","Non","IND","WA","Snohomish 01","PB2 NP","B4.1","","","",2022-06-13,"Backyard","Backyard Producer","OIE NP","WA Snohomish 01",2022-05-27,2022-05-27,"00RFFD2",-122.07442,47.81791,"53","53061","Snohomish County"
756,"","PAC","Non","IND","WA","Snohomish 02","PB2 NP","B4.1","","","",2022-06-18,"Backyard","Backyard Producer","OIE NP","WA Snohomish 02",2022-05-31,2022-06-02,"00RFLNU",-122.0193,47.84648,"53","53061","Snohomish County"
757,"","PAC","Non","IND","WA","Snohomish 03","PB2 NP","B4.1","","","",2022-06-27,"Backyard","Backyard Producer","OIE NP","WA Snohomish 03",2022-06-07,2022-06-09,"00RG6A0",-122.16155,47.78953,"53","53061","Snohomish County"
758,"","PAC","Non","IND","WA","Snohomish 04","PB2 NP","B4.1","","","",2022-06-27,"Backyard","Backyard Producer","OIE NP","WA Snohomish 04",2022-06-07,2022-06-09,"00RG835",-122.24211,47.85719,"53","53061","Snohomish County"
759,"","PAC","Non","IND","WA","Snohomish 05","PB2 NP","B2.1","","","",2022-07-08,"Backyard","Backyard Producer","OIE NP","WA Snohomish 05",2022-06-18,2022-06-22,"00RGZYE",-122.02916,48.09378,"53","53061","Snohomish County"
760,"","PAC","Poultry","IND","WA","Snohomish 06","PB2 NP","B4.1","","","",2022-07-30,"Backyard","Backyard Producer","Poultry","WA Snohomish 06",2022-07-16,2022-07-19,"00RJ7FX",-122.10976,47.81952,"53","53061","Snohomish County"
761,"","PAC","Non","IND","WA","Snohomish 07","PB2 PB1 NP NS","B3.2","","","",2022-11-28,"Backyard","Backyard Producer","OIE NP","WA Snohomish 07",2022-11-04,2022-11-08,"00RR1UT",-122.1141,48.14061,"53","53061","Snohomish County"
762,"","PAC","Poultry","IND","WA","Snohomish 08","PB2 PB1 NP NS","B3.2","","","",2023-01-29,"Backyard","WOAH Poultry","Duck","WA Snohomish 08",2022-12-28,2022-12-30,"00RT8DJ",-121.85099,47.87768,"53","53061","Snohomish County"
763,"","PAC","Non","IND","WA","Snohomish 09","PB2 PB1 NP NS","B3.2","","","",2023-05-16,"Backyard","WOAH Non-Poultry","Chicken","WA Snohomish 09",2023-01-18,2023-01-19,"00RU2LJ",-122.32043,48.2845,"53","53061","Snohomish County"
764,"","PAC","Non","IND","WA","Spokane 01","PB2 NP","B4.1","","","",2022-05-19,"Backyard","Backyard Producer","OIE NP","WA Spokane 01",2022-05-05,2022-05-07,"00RDAQC",-117.4388,47.52862,"53","53063","Spokane County"
765,"","PAC","Non","IND","WA","Thurston 01","PB2 NP","B4.1","","","",2022-05-31,"Backyard","Backyard Producer","OIE NP","WA Thurston 01",2022-05-17,2022-05-17,"00REDUJ",-122.60539,46.8887,"53","53067","Thurston County"
766,"","PAC","Non","IND","WA","Thurston 02","PB2 PB1 NP NS","B3.2","","","",2023-01-29,"Backyard","WOAH Non-Poultry","Chicken","WA Thurston 02",2023-01-04,2023-01-06,"00RTFSZ",-122.63601,46.91994,"53","53067","Thurston County"
767,"","PAC","Non","IND","WA","Walla Walla 01","PB2 NP","B4.1","","","",2022-08-29,"Backyard","Backyard Producer","OIE NP","WA Walla Walla 01",2022-08-12,2022-08-18,"00RL07Q",-118.31761,46.04594,"53","53071","Walla Walla County"
768,"","PAC","Non","IND","WA","Whatcom 01","PB2 NP","B4.1","","","",2022-05-23,"Backyard","Backyard Producer","OIE NP","WA Whatcom 01",NA,2022-05-12,"00RDTCY",-122.6155,48.97999,"53","53073","Whatcom County"
769,"","PAC","Non","IND","WA","Yakima 01","PB2 NP","B4.1","","","",2022-06-27,"Backyard","Backyard Producer","OIE NP","WA Yakima 01",2022-06-07,2022-06-09,"00RG9GC",-119.96748,46.30686,"53","53077","Yakima County"
770,"","PAC","Non","IND","WA","Yakima 02","PB2 NP","B4.1","","","",2022-06-27,"Backyard","Backyard Producer","OIE NP","WA Yakima 02",2022-06-10,2022-06-14,"00RGDV1",-120.42755,46.56858,"53","53077","Yakima County"
771,"","PAC","Non","IND","WA","Yakima 03","PB2 NP","B4.1","","","",2022-07-08,"Backyard","Backyard Producer","OIE NP","WA Yakima 03",2022-06-17,2022-06-22,"00RGWXS",-120.49894,46.68449,"53","53077","Yakima County"
772,"","PAC","Non","IND","WA","Yakima 04","PB2 NP","B4.1","","","",2022-07-25,"Backyard","Backyard Producer","OIE NP","WA Yakima 04",2022-06-27,2022-06-29,"00RHBU3",-120.48161,46.61515,"53","53077","Yakima County"
773,"","MISS","Poultry","IND","WI","Barron 01","PB2 NP","B2.1","","","",2022-04-25,"Commercial","Commercial Turkey Meat Bird","Turkey","WI Barron 01",2022-04-08,2022-04-12,"00LFNVG",-91.75812,45.43733,"55","55005","Barron County"
774,"","MISS","Poultry","IND","WI","Barron 02","PB2 PB1 NP NS","B3.2","","","",2022-05-09,"Commercial","Commercial Turkey Meat Bird","Turkey","WI Barron 02",2022-04-27,2022-04-28,"007AMMG",-91.88906,45.44105,"55","55005","Barron County"
775,"","MISS","Non","IND","WI","Barron 03","PB2 PB1 NP NS","B3.2","","","",2022-05-09,"Backyard","Backyard Producer","OIE NP","WI Barron 03",2022-04-28,2022-04-29,"00RC1X3",-92.0781,45.22363,"55","55005","Barron County"
776,"P","MISS","Poultry","CSLT","WI","Barron 04","PB2 PB1 NP NS","B3.2","","","???",2022-05-19,"Commercial","Commercial Turkey Meat Bird","Turkey","WI Barron 04",2022-04-30,2022-05-03,"007ANWR",-92.03327,45.32889,"55","55005","Barron County"
777,"","MISS","Poultry","IND","WI","Barron 05","PB2 PB1 NP NS","B3.2","","","",2022-05-19,"Commercial","Commercial Turkey Meat Bird","Turkey","WI Barron 05",2022-05-01,2022-05-03,"00PEYA5",-91.92205,45.43263,"55","55005","Barron County"
778,"p","MISS","Poultry","CSLT","WI","Barron 06","PB2 PB1 NP NS","B3.2","","","possible epi-link between Barron 06 and 07, apparently",2022-05-19,"Commercial","Commercial Turkey Meat Bird","Turkey","WI Barron 06",2022-05-06,2022-05-07,"006D87O",-91.7458,45.34629,"55","55005","Barron County"
779,"p","MISS","Poultry","CSLT","WI","Barron 07","PB2 PB1 NP NS","B3.2","","","possible epi-link between Barron 06 and 07, apparently",2022-05-23,"Commercial","Commercial Turkey Meat Bird","Turkey","WI Barron 07",2022-05-11,2022-05-13,"007ANA0",-91.75561,45.35831,"55","55005","Barron County"
780,"","MISS","Non","IND","WI","Bayfield 01","PB2 NP","B2.1","","","",2022-05-31,"Backyard","Backyard Producer","OIE NP","WI Bayfield 01",2022-05-20,2022-05-23,"00RFLVE",-91.45955,46.59885,"55","55007","Bayfield County"
781,"","MISS","Non","IND","WI","Columbia 01","PB2 NP","B2.1","","","",2022-04-25,"Backyard","Backyard Producer","OIE NP","WI Columbia 01",2022-04-14,2022-04-14,"00RA9Q1",-89.56165,43.56068,"55","55021","Columbia County"
782,"","MISS","Non","IND","WI","Dunn 01","PB2 NP","B2.1","","","",2022-05-31,"Backyard","Backyard Producer","OIE NP","WI Dunn 01",2022-05-13,2022-05-16,"00BLG6P",-91.72146,45.11813,"55","55033","Dunn County"
783,"","MISS","Poultry","IND","WI","Dunn 02","PB2 PB1 PA NP","B1.3","","","",2022-10-17,"Commercial","Commercial Turkey Meat Bird","Turkey","WI Dunn 02",2022-09-27,2022-09-29,"007AM6B",-91.85858,45.06024,"55","55033","Dunn County"
784,"","MISS","Non","IND","WI","Fond Du Lac 01","PB2 PB1 PA NP","B1.2","","","",2022-05-19,"Backyard","Backyard Producer","OIE NP","WI Fond Du Lac 01",2022-04-28,2022-05-03,"00QEWYL",-88.83178,43.87509,"55","55039","Fond du Lac County"
785,"","MISS","Poultry","IND","WI","Jefferson 01","none","A1","","","",2022-03-20,"Commercial","Commercial Table Egg Layer","Chicken","WI Jefferson 01",2022-03-13,2022-03-14,"00B3481",-88.6448,42.88144,"55","55055","Jefferson County"
786,"al","MISS","Poultry","IND","WI","Jefferson 02","PB2 PB1 PA NP","B1.3","","","",2022-12-05,"Commercial","Commercial Upland Gamebird Producer","Pheasant","WI Jefferson 02",2022-11-04,2022-11-07,"005UXY3",-88.64415,43.17825,"55","55055","Jefferson County"
787,"","MISS","Non","IND","WI","Marathon 01","PB2 PB1 PA NP","B1.3","","","",2022-11-28,"Backyard","Backyard Producer","OIE NP","WI Marathon 01",2022-11-01,2022-11-03,"005L6SG",-90.25177,44.93028,"55","55073","Marathon County"
788,"","MISS","Non","IND","WI","Marinette 01","PB2 NP","B2.1","","","",2022-05-23,"Backyard","Backyard Producer","OIE NP","WI Marinette 01",2022-05-12,2022-05-13,"006UQDM",-87.6525,45.02031,"55","55075","Marinette County"
789,"","MISS","Non","IND","WI","Oconto 01","PB2 NP","B2.1","","","",2022-05-09,"Backyard","Other","OIE NP","WI Oconto 01",2022-04-28,2022-04-29,"00D80Z2",-87.9652,44.96445,"55","55083","Oconto County"
790,"","MISS","Non","IND","WI","Pierce 01","PB2 NP","B2.1","","","",2022-05-19,"Backyard","Backyard Producer","OIE NP","WI Pierce 01",2022-05-04,2022-05-05,"00CDTWA",-92.69185,44.7161,"55","55093","Pierce County"
791,"","MISS","Poultry","IND","WI","Polk 01","PB2 PB1 NP","B1.1","","","",2022-04-25,"Commercial","Commercial Turkey Meat Bird","Turkey","WI Polk 01",2022-04-13,2022-04-15,"004LT6H",-92.48834,45.48701,"55","55095","Polk County"
792,"","MISS","Non","IND","WI","Polk 02","PB2 NP","B2.1","","","",2022-05-19,"Backyard","Backyard Producer","OIE NP","WI Polk 02",2022-04-23,2022-04-23,"00RBK4W",-92.1615,45.61045,"55","55095","Polk County"
793,"","MISS","Non","IND","WI","Polk 03","PB2 PB1 NP","Minor15","","","",2022-05-19,"Backyard","Backyard Producer","OIE NP","WI Polk 03",2022-04-30,2022-05-03,"00RCLC4",-92.42914,45.35945,"55","55095","Polk County"
794,"","MISS","Poultry","IND","WI","Racine 01","PB2 PB1 NP","B1.1","","","",2022-04-19,"Backyard","Backyard Producer","Poultry","WI Racine 01",2022-04-06,2022-04-07,"00R93FK",-88.08953,42.79658,"55","55101","Racine County"
795,"","MISS","Poultry","IND","WI","Racine 02","PB2 PB1 PA NP","B1.3","","","",2022-10-17,"Commercial","Commercial Duck Meat Bird","Duck","WI Racine 02",2022-09-26,2022-09-28,"00JJNJ3",-88.13991,42.74361,"55","55101","Racine County"
796,"","MISS","Non","IND","WI","Rock 01","None","A1","","","",2022-04-11,"Backyard","Backyard Producer","OIE NP","WI Rock 01",2022-04-01,2022-04-01,"00LDSH3",-89.10534,42.72225,"55","55105","Rock County"
797,"","MISS","Non","IND","WI","Sauk 01","PB2 PB1 NP","B1.1","","","",2022-05-19,"Backyard","Backyard Producer","OIE NP","WI Sauk 01",2022-05-01,2022-05-03,"007A1TC",-90.10107,43.61984,"55","55111","Sauk County"
798,"","MISS","Non","IND","WI","Sheboygan 01","PB2 NP","B2.1","","","",2022-04-25,"Backyard","Backyard Producer","OIE NP","WI Sheboygan 01",2022-04-13,2022-04-14,"0072OVF",NA,NA,"55",NA,NA
799,"","MISS","Non","IND","WI","St. Croix 01","PB2 PB1 PA NP","B1.3","","","",2023-01-29,"Backyard","Backyard Producer","OIE NP","WI St. Croix 01",2022-10-12,2022-10-13,"0076S3P",-92.48447,44.90547,"55","55109","St. Croix County"
800,"","MISS","Poultry","IND","WI","Washington 01","PB2 PB1 PA NP","B1.3","","","",2022-09-12,"Backyard","Backyard Producer","Poultry","WI Washington 01",2022-08-31,2022-09-02,"00RLQDF",-88.24954,43.34057,"55","55131","Washington County"
801,"","MISS","Non","IND","WI","Waukesha 01","PB2 PB1 NP NS","B3.2","","","",2022-11-28,"Backyard","Backyard Producer","OIE NP","WI Waukesha 01",2022-11-01,2022-11-02,"00QZ52N",-88.24435,43.07561,"55","55133","Waukesha County"
802,"","CEN","Poultry","IND","SD","Beadle 04","PB2 NP","B2.1","","","",2022-05-19,"Commercial","Commercial Turkey Meat Bird","Poultry","SD Beadle 04",2022-04-30,2022-05-03,"00J1XCK",-97.8983,44.32511,"46","46005","Beadle County"
803,"","CEN","Poultry","IND","SD","Beadle 05","PB2 PB1 NP NS","B3.2","p04","","",2022-10-30,"Commercial","Commercial Turkey Meat Bird","Turkey","SD Beadle 05",2022-10-08,2022-10-12,"00J1XCK",-97.8983,44.32511,"46","46005","Beadle County"
804,"","PAC","Non","IND","WY","Campbell 01","PB2 NP","B2.1","","","",2022-05-31,"Backyard","Backyard Producer","OIE NP","WY Campbell 01",2022-05-18,2022-05-20,"00REL6Z",-105.36131,44.30401,"56","56005","Campbell County"
805,"","PAC","Non","IND","WY","Converse 01","PB2 PB1 PA NP","B1.2","","","",2022-12-05,"Backyard","Backyard Producer","OIE NP","WY Converse 01",2022-11-04,2022-11-07,"00RR72Q",-105.38961,42.74123,"56","56009","Converse County"
806,"","PAC","Non","INR","WY","Fremont 01","PB2 NP","B2.1","","","",2022-04-11,"Backyard","Backyard Producer","OIE NP","WY Fremont 01",2022-03-30,2022-04-01,"00R84VR",-108.47971,43.21186,"56","56013","Fremont County"
807,"","PAC","Non","IND","WY","Fremont 02","PB2 PB1 NP NS","B3.2","","","",2022-10-30,"Backyard","Backyard Producer","OIE NP","WY Fremont 02",2022-10-11,2022-10-12,"00RPJH3",-108.77229,42.84748,"56","56013","Fremont County"
808,"","PAC","Non","INR","WY","Johnson 01","PB2 NP","B2.1","","","",2022-04-11,"Backyard","Backyard Producer","OIE NP","WY Johnson 01",NA,2022-03-29,"00R87XB",-106.73056,44.32238,"56","56019","Johnson County"
809,"","PAC","Non","IND","WY","Lincoln 01","PB2 NP","B4.1","","","",2022-05-23,"Backyard","Backyard Producer","OIE NP","WY Lincoln 01",2022-05-12,2022-05-13,"00RDF6W",-110.9457,42.80565,"56","56023","Lincoln County"
810,"","PAC","Non","INR","WY","Park 01","PB2 NP","B2.1","","","",2022-04-11,"Backyard","Backyard Producer","OIE NP","WY Park 01",2022-03-28,2022-03-30,"00R84P4",-108.81732,44.80516,"56","56029","Park County"
811,"","PAC","Non","IND","WY","Park 02","None","A1","","","",2022-04-19,"Backyard","Backyard Producer","OIE NP","WY Park 02",2022-04-04,2022-04-06,"00NNMY2",-108.91332,44.75456,"56","56029","Park County"
812,"","PAC","Non","IND","WY","Park-03","PB2 PB1 NP NS","B3.2","","","",2023-03-03,"BYF-CHICKEN","Backyard","WOAH Non-Poultry","WY Park 03",NA,2023-02-06,"00RUVHK",-108.75036,44.69885,"56","56029","Park County"
813,"","PAC","Non","IND","WY","Sheridan 01","None","A1","","","",2022-04-19,"Backyard","Backyard Producer","OIE NP","WY Sheridan 01",2022-04-01,2022-04-05,"00R8NQZ",-106.95487,44.72002,"56","56033","Sheridan County"
814,"","PAC","Non","IND","WY","Sheridan 02","PB2 NP","B2.1","","","",2022-05-23,"Backyard","Backyard Producer","OIE NP","WY Sheridan 02",2022-05-12,2022-05-13,"00RA5E6",-106.99591,44.72039,"56","56033","Sheridan County"
815,"xxFAILxx","PAC","NOSEQ","NOSEQ","CA","Butte 01","","","","","",2022-08-29,"Backyard","Backyard Producer","OIE NP","CA Butte 01",2022-08-13,2022-08-16,"00NB9H0",-121.6036,39.37426,"06","06007","Butte County"
816,"xxFAILxx","CEN","NOSEQ","NOSEQ","CO","Boulder 01","","","","","",2022-11-13,"Backyard","Backyard Producer","Poultry","CO Boulder 01",2022-10-06,2022-10-07,"00JHQK5",-105.17854,40.03589,"08","08013","Boulder County"
817,"xxFAILxx","ATL","NOSEQ","NOSEQ","ME","Washington 01","","","","","",2022-04-19,"Backyard","Backyard Producer","OIE NP","ME Washington 01",NA,2022-03-26,"00R7VA4",-67.40284,44.71306,"23","23029","Washington County"
818,"xxFAILxx","MISS","NOSEQ","NOSEQ","MI","Lapeer 02","","","","","",2023-01-29,"Backyard","Backyard Producer","Chicken","MI Lapeer 02",2022-10-07,2022-10-11,"00Q4QZC",-83.19712,43.00264,"26","26087","Lapeer County"
819,"xxFAILxx","MISS","NOSEQ","NOSEQ","MN","Isanti 01","","","","","",2023-01-29,"Backyard","Backyard Producer","OIE NP","MN Isanti 01",2022-09-13,2022-09-14,"00RMZ00",-93.06416,45.45694,"27","27059","Isanti County"
820,"xxFAILxx","MISS","NOSEQ","NOSEQ","MN","Todd 03","","","","","",2022-05-02,"Commercial","Commercial Turkey Meat Bird","Turkey","MN Todd 03",2022-04-18,2022-04-20,"00LE5Q0",-94.6655,45.90452,"27","27153","Todd County"
821,"xxFAILxx","ATL","NOSEQ","NOSEQ","NY","Wayne 01","","","","","",2022-11-28,"Backyard","Backyard Producer","OIE NP","NY Wayne 01",2022-10-27,2022-11-01,"00RQV64",-77.11235,43.01615,"36","36117","Wayne County"
822,"xxFAILxx","PAC","NOSEQ","NOSEQ","OR","Douglas 02","","","","","",NA,"Other","WOAH Non-Poultry","Other poultry","OR Douglas 02",2023-01-10,2023-01-11,"00QWPUK",-123.4275,43.14098,"41","41019","Douglas County"
823,"xxFAILxx","ATL","NOSEQ","NOSEQ","PA","Berks 02","","","","","",2022-05-19,"Commercial","Commercial Duck Meat Bird","Duck","PA Berks 02",2022-05-02,2022-05-03,"00MAK53",-76.01147,40.52662,"42","42011","Berks County"
824,"xxFAILxx","ATL","NOSEQ","NOSEQ","PA","Lancaster 25","","","","","",2023-04-18,"Backyard","WOAH Poultry","Duck","PA Lancaster 25",2023-03-10,2023-03-14,"00BQKZM",-76.05973,40.19016,"42","42071","Lancaster County"
825,"xxFAILxx","ATL","NOSEQ","NOSEQ","PA","Lancaster 26","","","","","",2023-04-18,"Backyard","WOAH Poultry","Duck","PA Lancaster 26",2023-03-11,2023-03-14,"003JLHU",-76.05907,40.20714,"42","42071","Lancaster County"
826,"xxFAILxx","ATL","NOSEQ","NOSEQ","PA","Lancaster 27","","","","","",2023-04-18,"Backyard","WOAH Poultry","Duck","PA Lancaster 27",2023-03-11,2023-03-14,"00BTNZJ",-76.06675,40.19012,"42","42071","Lancaster County"
827,"xxFAILxx","ATL","NOSEQ","NOSEQ","PA","Lancaster 28","","","","","",2023-04-18,"Backyard","WOAH Poultry","Duck","PA Lancaster 28",2023-03-11,2023-03-14,"00HY3RK",-76.07047,40.19064,"42","42071","Lancaster County"
828,"xxFAILxx","ATL","NOSEQ","NOSEQ","VT","Caledonia 01","","","","","",2022-05-09,"Backyard","Backyard Producer","OIE NP","VT Caledonia 01",2022-04-28,2022-04-28,"00NB548",-72.13436,44.31349,"50","50005","Caledonia County"
829,"xxFAILxx","PAC","NOSEQ","NOSEQ","WA","King 03","","","","","",2022-06-04,"Backyard","Backyard Producer","OIE NP","WA King 03",2022-05-25,2022-05-25,"00RF6ZT",-122.25882,47.51165,"53","53033","King County"
830,"","MISS","Non","IND","IN","Posey 01","PB2 NP NS","B2.2","","","",NA,"Backyard","WOAH Non-Poultry","Chicken","IN Posey 01",2023-05-03,2023-05-05,"00S1LA2",-87.77859,37.96673,"18","18129","Posey County"
831,"","MISS","Non","IND","MN","Nobles 01","PB2 PB1 NP NS","B3.6","","","",NA,"Backyard","WOAH Non-Poultry","Chicken","MN Nobles 01",2023-05-09,2023-05-11,"00S2EDG",-96.01538,43.68165,"27","27105","Nobles County"
832,"","ATL","Non","IND","NC","Rowan 02","PB2 PB1 NP","B1.1","","","",NA,"Backyard","WOAH Non-Poultry","Duck","NC Rowan 02",2023-05-16,2023-05-18,"00S36NK",-80.27839,35.51376,"37","37159","Rowan County"
833,"","MISS","Non","IND","MO","Phelps 01","PB2 PB1 NP NS","minor35","","","",NA,"Backyard","WOAH Non-Poultry","Poultry","MO Phelps 01",2023-05-16,2023-05-18,"00S339P",-91.65122,38.00863,"29","29161","Phelps County"
834,"","","","","","","","","","","",NA,"","","","",NA,NA,"",NA,NA,NA,NA,NA
